date,country,cases,deaths
2019-12-29,Afghanistan,0,0
2020-01-05,Afghanistan,0,0
2020-01-12,Afghanistan,0,0
2020-01-19,Afghanistan,0,0
2020-01-26,Afghanistan,0,0
2020-02-02,Afghanistan,0,0
2020-02-09,Afghanistan,0,0
2020-02-16,Afghanistan,0,0
2020-02-23,Afghanistan,1,1
2020-03-01,Afghanistan,0,0
2020-03-08,Afghanistan,6,6
2020-03-15,Afghanistan,17,17
2020-03-22,Afghanistan,67,67
2020-03-29,Afghanistan,144,144
2020-04-05,Afghanistan,286,286
2020-04-12,Afghanistan,324,324
2020-04-19,Afghanistan,506,506
2020-04-26,Afghanistan,984,984
2020-05-03,Afghanistan,1443,1443
2020-05-10,Afghanistan,2624,2624
2020-05-17,Afghanistan,2814,2814
2020-05-24,Afghanistan,2615,2615
2020-03-08,Albania,33,33
2020-03-15,Albania,37,37
2020-03-22,Albania,116,116
2020-03-29,Albania,118,118
2020-04-05,Albania,112,112
2020-04-12,Albania,123,123
2020-04-19,Albania,139,139
2020-04-26,Albania,104,104
2020-05-03,Albania,68,68
2020-05-10,Albania,66,66
2020-05-17,Albania,65,65
2020-05-24,Albania,95,95
2019-12-29,Algeria,0,0
2020-01-05,Algeria,0,0
2020-01-12,Algeria,0,0
2020-01-19,Algeria,0,0
2020-01-26,Algeria,0,0
2020-02-02,Algeria,0,0
2020-02-09,Algeria,0,0
2020-02-16,Algeria,0,0
2020-02-23,Algeria,1,1
2020-03-01,Algeria,16,16
2020-03-08,Algeria,9,9
2020-03-15,Algeria,76,76
2020-03-22,Algeria,307,307
2020-03-29,Algeria,762,762
2020-04-05,Algeria,590,590
2020-04-12,Algeria,657,657
2020-04-19,Algeria,709,709
2020-04-26,Algeria,1027,1027
2020-05-03,Algeria,1215,1215
2020-05-10,Algeria,1260,1260
2020-05-17,Algeria,1289,1289
2020-05-24,Algeria,1079,1079
2020-03-01,Andorra,1,1
2020-03-08,Andorra,1,1
2020-03-15,Andorra,73,73
2020-03-22,Andorra,192,192
2020-03-29,Andorra,172,172
2020-04-05,Andorra,162,162
2020-04-12,Andorra,95,95
2020-04-19,Andorra,35,35
2020-04-26,Andorra,15,15
2020-05-03,Andorra,6,6
2020-05-10,Andorra,9,9
2020-05-17,Andorra,1,1
2020-05-24,Andorra,1,1
2020-03-22,Angola,4,4
2020-03-29,Angola,4,4
2020-04-05,Angola,11,11
2020-04-12,Angola,0,0
2020-04-19,Angola,6,6
2020-04-26,Angola,4,4
2020-05-03,Angola,14,14
2020-05-10,Angola,5,5
2020-05-17,Angola,12,12
2020-05-24,Angola,13,13
2020-03-22,Anguilla,2,2
2020-03-29,Anguilla,1,1
2020-04-05,Anguilla,0,0
2020-04-12,Anguilla,0,0
2020-04-19,Anguilla,0,0
2020-04-26,Anguilla,0,0
2020-05-03,Anguilla,0,0
2020-05-10,Anguilla,0,0
2020-05-17,Anguilla,0,0
2020-05-24,Anguilla,0,0
2020-03-15,Antigua_and_Barbuda,1,1
2020-03-22,Antigua_and_Barbuda,6,6
2020-03-29,Antigua_and_Barbuda,8,8
2020-04-05,Antigua_and_Barbuda,6,6
2020-04-12,Antigua_and_Barbuda,2,2
2020-04-19,Antigua_and_Barbuda,1,1
2020-04-26,Antigua_and_Barbuda,1,1
2020-05-03,Antigua_and_Barbuda,0,0
2020-05-10,Antigua_and_Barbuda,0,0
2020-05-17,Antigua_and_Barbuda,0,0
2020-05-24,Antigua_and_Barbuda,0,0
2020-03-01,Argentina,8,8
2020-03-08,Argentina,26,26
2020-03-15,Argentina,124,124
2020-03-22,Argentina,532,532
2020-03-29,Argentina,575,575
2020-04-05,Argentina,710,710
2020-04-12,Argentina,683,683
2020-04-19,Argentina,765,765
2020-04-26,Argentina,1096,1096
2020-05-03,Argentina,1079,1079
2020-05-10,Argentina,1868,1868
2020-05-17,Argentina,3170,3170
2020-05-24,Argentina,4053,4053
2019-12-29,Armenia,0,0
2020-01-05,Armenia,0,0
2020-01-12,Armenia,0,0
2020-01-19,Armenia,0,0
2020-01-26,Armenia,0,0
2020-02-02,Armenia,0,0
2020-02-09,Armenia,0,0
2020-02-16,Armenia,0,0
2020-02-23,Armenia,0,0
2020-03-01,Armenia,1,1
2020-03-08,Armenia,12,12
2020-03-15,Armenia,123,123
2020-03-22,Armenia,236,236
2020-03-29,Armenia,364,364
2020-04-05,Armenia,201,201
2020-04-12,Armenia,311,311
2020-04-19,Armenia,429,429
2020-04-26,Armenia,471,471
2020-05-03,Armenia,881,881
2020-05-10,Armenia,1015,1015
2020-05-17,Armenia,1884,1884
2020-05-24,Armenia,2288,2288
2020-03-08,Aruba,2,2
2020-03-15,Aruba,2,2
2020-03-22,Aruba,24,24
2020-03-29,Aruba,34,34
2020-04-05,Aruba,24,24
2020-04-12,Aruba,10,10
2020-04-19,Aruba,4,4
2020-04-26,Aruba,0,0
2020-05-03,Aruba,1,1
2020-05-10,Aruba,0,0
2020-05-17,Aruba,0,0
2020-05-24,Aruba,0,0
2019-12-29,Australia,0,0
2020-01-05,Australia,0,0
2020-01-12,Australia,0,0
2020-01-19,Australia,1,1
2020-01-26,Australia,8,8
2020-02-02,Australia,5,5
2020-02-09,Australia,1,1
2020-02-16,Australia,6,6
2020-02-23,Australia,4,4
2020-03-01,Australia,38,38
2020-03-08,Australia,134,134
2020-03-15,Australia,677,677
2020-03-22,Australia,2504,2504
2020-03-29,Australia,2170,2170
2020-04-05,Australia,690,690
2020-04-12,Australia,295,295
2020-04-19,Australia,154,154
2020-04-26,Australia,80,80
2020-05-03,Australia,147,147
2020-05-10,Australia,105,105
2020-05-17,Australia,76,76
2020-05-24,Australia,55,55
2019-12-29,Austria,0,0
2020-01-05,Austria,0,0
2020-01-12,Austria,0,0
2020-01-19,Austria,0,0
2020-01-26,Austria,0,0
2020-02-02,Austria,0,0
2020-02-09,Austria,0,0
2020-02-16,Austria,0,0
2020-02-23,Austria,7,7
2020-03-01,Austria,67,67
2020-03-08,Austria,430,430
2020-03-15,Austria,2145,2145
2020-03-22,Austria,5048,5048
2020-03-29,Austria,3828,3828
2020-04-05,Austria,2035,2035
2020-04-12,Austria,1043,1043
2020-04-19,Austria,465,465
2020-04-26,Austria,390,390
2020-05-03,Austria,277,277
2020-05-10,Austria,333,333
2020-05-17,Austria,293,293
2020-05-24,Austria,182,182
2019-12-29,Azerbaijan,0,0
2020-01-05,Azerbaijan,0,0
2020-01-12,Azerbaijan,0,0
2020-01-19,Azerbaijan,0,0
2020-01-26,Azerbaijan,0,0
2020-02-02,Azerbaijan,0,0
2020-02-09,Azerbaijan,0,0
2020-02-16,Azerbaijan,0,0
2020-02-23,Azerbaijan,1,1
2020-03-01,Azerbaijan,8,8
2020-03-08,Azerbaijan,4,4
2020-03-15,Azerbaijan,31,31
2020-03-22,Azerbaijan,121,121
2020-03-29,Azerbaijan,278,278
2020-04-05,Azerbaijan,548,548
2020-04-12,Azerbaijan,349,349
2020-04-19,Azerbaijan,252,252
2020-04-26,Azerbaijan,262,262
2020-05-03,Azerbaijan,425,425
2020-05-10,Azerbaijan,701,701
2020-05-17,Azerbaijan,875,875
2020-05-24,Azerbaijan,904,904
2020-03-15,Bahamas,4,4
2020-03-22,Bahamas,5,5
2020-03-29,Bahamas,15,15
2020-04-05,Bahamas,18,18
2020-04-12,Bahamas,13,13
2020-04-19,Bahamas,18,18
2020-04-26,Bahamas,9,9
2020-05-03,Bahamas,10,10
2020-05-10,Bahamas,4,4
2020-05-17,Bahamas,1,1
2020-05-24,Bahamas,4,4
2019-12-29,Bahrain,0,0
2020-01-05,Bahrain,0,0
2020-01-12,Bahrain,0,0
2020-01-19,Bahrain,0,0
2020-01-26,Bahrain,0,0
2020-02-02,Bahrain,0,0
2020-02-09,Bahrain,0,0
2020-02-16,Bahrain,0,0
2020-02-23,Bahrain,38,38
2020-03-01,Bahrain,18,18
2020-03-08,Bahrain,154,154
2020-03-15,Bahrain,75,75
2020-03-22,Bahrain,181,181
2020-03-29,Bahrain,177,177
2020-04-05,Bahrain,355,355
2020-04-12,Bahrain,746,746
2020-04-19,Bahrain,774,774
2020-04-26,Bahrain,652,652
2020-05-03,Bahrain,1274,1274
2020-05-10,Bahrain,2139,2139
2020-05-17,Bahrain,1831,1831
2020-05-24,Bahrain,1638,1638
2020-03-08,Bangladesh,3,3
2020-03-15,Bangladesh,14,14
2020-03-22,Bangladesh,31,31
2020-03-29,Bangladesh,13,13
2020-04-05,Bangladesh,363,363
2020-04-12,Bangladesh,1414,1414
2020-04-19,Bangladesh,2851,2851
2020-04-26,Bangladesh,3549,3549
2020-05-03,Bangladesh,4896,4896
2020-05-10,Bangladesh,6931,6931
2020-05-17,Bangladesh,10140,10140
2020-05-24,Bangladesh,10116,10116
2020-03-15,Barbados,6,6
2020-03-22,Barbados,18,18
2020-03-29,Barbados,21,21
2020-04-05,Barbados,22,22
2020-04-12,Barbados,8,8
2020-04-19,Barbados,1,1
2020-04-26,Barbados,5,5
2020-05-03,Barbados,2,2
2020-05-10,Barbados,2,2
2020-05-17,Barbados,5,5
2020-05-24,Barbados,2,2
2019-12-29,Belarus,0,0
2020-01-05,Belarus,0,0
2020-01-12,Belarus,0,0
2020-01-19,Belarus,0,0
2020-01-26,Belarus,0,0
2020-02-02,Belarus,0,0
2020-02-09,Belarus,0,0
2020-02-16,Belarus,0,0
2020-02-23,Belarus,1,1
2020-03-01,Belarus,5,5
2020-03-08,Belarus,15,15
2020-03-15,Belarus,36,36
2020-03-22,Belarus,37,37
2020-03-29,Belarus,257,257
2020-04-05,Belarus,1630,1630
2020-04-12,Belarus,2798,2798
2020-04-19,Belarus,3994,3994
2020-04-26,Belarus,6144,6144
2020-05-03,Belarus,6184,6184
2020-05-10,Belarus,6629,6629
2020-05-17,Belarus,6573,6573
2020-05-24,Belarus,5555,5555
2019-12-29,Belgium,0,0
2020-01-05,Belgium,0,0
2020-01-12,Belgium,0,0
2020-01-19,Belgium,0,0
2020-01-26,Belgium,0,0
2020-02-02,Belgium,1,1
2020-02-09,Belgium,0,0
2020-02-16,Belgium,0,0
2020-02-23,Belgium,0,0
2020-03-01,Belgium,108,108
2020-03-08,Belgium,450,450
2020-03-15,Belgium,1698,1698
2020-03-22,Belgium,5027,5027
2020-03-29,Belgium,9486,9486
2020-04-05,Belgium,9897,9897
2020-04-12,Belgium,9471,9471
2020-04-19,Belgium,8155,8155
2020-04-26,Belgium,4739,4739
2020-05-03,Belgium,2979,2979
2020-05-10,Belgium,2633,2633
2020-05-17,Belgium,1867,1867
2020-05-24,Belgium,1338,1338
2020-03-22,Belize,2,2
2020-03-29,Belize,2,2
2020-04-05,Belize,6,6
2020-04-12,Belize,8,8
2020-04-19,Belize,0,0
2020-04-26,Belize,0,0
2020-05-03,Belize,0,0
2020-05-10,Belize,0,0
2020-05-17,Belize,0,0
2020-05-24,Belize,0,0
2020-03-15,Benin,2,2
2020-03-22,Benin,4,4
2020-03-29,Benin,10,10
2020-04-05,Benin,19,19
2020-04-12,Benin,2,2
2020-04-19,Benin,21,21
2020-04-26,Benin,32,32
2020-05-03,Benin,152,152
2020-05-10,Benin,97,97
2020-05-17,Benin,-204,-204
2020-05-24,Benin,75,75
2020-03-15,Bermuda,2,2
2020-03-22,Bermuda,15,15
2020-03-29,Bermuda,18,18
2020-04-05,Bermuda,13,13
2020-04-12,Bermuda,35,35
2020-04-19,Bermuda,16,16
2020-04-26,Bermuda,15,15
2020-05-03,Bermuda,4,4
2020-05-10,Bermuda,5,5
2020-05-17,Bermuda,5,5
2020-05-24,Bermuda,12,12
2020-03-01,Bhutan,1,1
2020-03-08,Bhutan,0,0
2020-03-15,Bhutan,1,1
2020-03-22,Bhutan,1,1
2020-03-29,Bhutan,2,2
2020-04-05,Bhutan,0,0
2020-04-12,Bhutan,0,0
2020-04-19,Bhutan,2,2
2020-04-26,Bhutan,0,0
2020-05-03,Bhutan,0,0
2020-05-10,Bhutan,14,14
2020-05-17,Bhutan,3,3
2020-05-24,Bhutan,7,7
2020-03-08,Bolivia,10,10
2020-03-15,Bolivia,9,9
2020-03-22,Bolivia,55,55
2020-03-29,Bolivia,65,65
2020-04-05,Bolivia,137,137
2020-04-12,Bolivia,217,217
2020-04-19,Bolivia,314,314
2020-04-26,Bolivia,422,422
2020-05-03,Bolivia,1037,1037
2020-05-10,Bolivia,1311,1311
2020-05-17,Bolivia,2002,2002
2020-05-24,Bolivia,2808,2808
2020-03-29,"Bonaire, Saint Eustatius and Saba",2,2
2020-04-05,"Bonaire, Saint Eustatius and Saba",0,0
2020-04-12,"Bonaire, Saint Eustatius and Saba",2,2
2020-04-19,"Bonaire, Saint Eustatius and Saba",2,2
2020-04-26,"Bonaire, Saint Eustatius and Saba",0,0
2020-05-03,"Bonaire, Saint Eustatius and Saba",0,0
2020-05-10,"Bonaire, Saint Eustatius and Saba",0,0
2020-05-17,"Bonaire, Saint Eustatius and Saba",0,0
2020-05-24,"Bonaire, Saint Eustatius and Saba",1,1
2020-03-01,Bosnia_and_Herzegovina,2,2
2020-03-08,Bosnia_and_Herzegovina,1,1
2020-03-15,Bosnia_and_Herzegovina,41,41
2020-03-22,Bosnia_and_Herzegovina,185,185
2020-03-29,Bosnia_and_Herzegovina,357,357
2020-04-05,Bosnia_and_Herzegovina,315,315
2020-04-12,Bosnia_and_Herzegovina,309,309
2020-04-19,Bosnia_and_Herzegovina,210,210
2020-04-26,Bosnia_and_Herzegovina,361,361
2020-05-03,Bosnia_and_Herzegovina,289,289
2020-05-10,Bosnia_and_Herzegovina,167,167
2020-05-17,Bosnia_and_Herzegovina,135,135
2020-05-24,Bosnia_and_Herzegovina,90,90
2020-03-29,Botswana,4,4
2020-04-05,Botswana,9,9
2020-04-12,Botswana,2,2
2020-04-19,Botswana,7,7
2020-04-26,Botswana,1,1
2020-05-03,Botswana,0,0
2020-05-10,Botswana,1,1
2020-05-17,Botswana,6,6
2020-05-24,Botswana,5,5
2019-12-29,Brazil,0,0
2020-01-05,Brazil,0,0
2020-01-12,Brazil,0,0
2020-01-19,Brazil,0,0
2020-01-26,Brazil,0,0
2020-02-02,Brazil,0,0
2020-02-09,Brazil,0,0
2020-02-16,Brazil,0,0
2020-02-23,Brazil,1,1
2020-03-01,Brazil,12,12
2020-03-08,Brazil,85,85
2020-03-15,Brazil,806,806
2020-03-22,Brazil,2513,2513
2020-03-29,Brazil,5639,5639
2020-04-05,Brazil,10582,10582
2020-04-12,Brazil,14044,14044
2020-04-19,Brazil,19313,19313
2020-04-26,Brazil,38594,38594
2020-05-03,Brazil,53739,53739
2020-05-10,Brazil,72895,72895
2020-05-17,Brazil,112667,112667
2020-05-24,Brazil,107348,107348
2020-03-22,British_Virgin_Islands,2,2
2020-03-29,British_Virgin_Islands,1,1
2020-04-05,British_Virgin_Islands,0,0
2020-04-12,British_Virgin_Islands,0,0
2020-04-19,British_Virgin_Islands,3,3
2020-04-26,British_Virgin_Islands,0,0
2020-05-03,British_Virgin_Islands,1,1
2020-05-10,British_Virgin_Islands,1,1
2020-05-17,British_Virgin_Islands,0,0
2020-05-24,British_Virgin_Islands,0,0
2020-03-08,Brunei_Darussalam,37,37
2020-03-15,Brunei_Darussalam,41,41
2020-03-22,Brunei_Darussalam,37,37
2020-03-29,Brunei_Darussalam,18,18
2020-04-05,Brunei_Darussalam,3,3
2020-04-12,Brunei_Darussalam,0,0
2020-04-19,Brunei_Darussalam,2,2
2020-04-26,Brunei_Darussalam,0,0
2020-05-03,Brunei_Darussalam,3,3
2020-05-10,Brunei_Darussalam,0,0
2020-05-17,Brunei_Darussalam,0,0
2020-05-24,Brunei_Darussalam,0,0
2020-03-08,Bulgaria,31,31
2020-03-15,Bulgaria,96,96
2020-03-22,Bulgaria,166,166
2020-03-29,Bulgaria,192,192
2020-04-05,Bulgaria,150,150
2020-04-12,Bulgaria,211,211
2020-04-19,Bulgaria,342,342
2020-04-26,Bulgaria,400,400
2020-05-03,Bulgaria,323,323
2020-05-10,Bulgaria,227,227
2020-05-17,Bulgaria,270,270
2020-05-24,Bulgaria,77,77
2020-03-08,Burkina_Faso,2,2
2020-03-15,Burkina_Faso,38,38
2020-03-22,Burkina_Faso,106,106
2020-03-29,Burkina_Faso,142,142
2020-04-05,Burkina_Faso,160,160
2020-04-12,Burkina_Faso,109,109
2020-04-19,Burkina_Faso,69,69
2020-04-26,Burkina_Faso,23,23
2020-05-03,Burkina_Faso,95,95
2020-05-10,Burkina_Faso,38,38
2020-05-17,Burkina_Faso,32,32
2020-05-24,Burkina_Faso,33,33
2020-03-29,Burundi,3,3
2020-04-05,Burundi,0,0
2020-04-12,Burundi,3,3
2020-04-19,Burundi,6,6
2020-04-26,Burundi,3,3
2020-05-03,Burundi,4,4
2020-05-10,Burundi,8,8
2020-05-17,Burundi,15,15
2020-05-24,Burundi,0,0
2019-12-29,Cambodia,0,0
2020-01-05,Cambodia,0,0
2020-01-12,Cambodia,0,0
2020-01-19,Cambodia,0,0
2020-01-26,Cambodia,1,1
2020-02-02,Cambodia,0,0
2020-02-09,Cambodia,0,0
2020-02-16,Cambodia,0,0
2020-02-23,Cambodia,0,0
2020-03-01,Cambodia,0,0
2020-03-08,Cambodia,4,4
2020-03-15,Cambodia,42,42
2020-03-22,Cambodia,55,55
2020-03-29,Cambodia,12,12
2020-04-05,Cambodia,6,6
2020-04-12,Cambodia,2,2
2020-04-19,Cambodia,0,0
2020-04-26,Cambodia,0,0
2020-05-03,Cambodia,0,0
2020-05-10,Cambodia,0,0
2020-05-17,Cambodia,2,2
2020-05-24,Cambodia,0,0
2020-03-01,Cameroon,1,1
2020-03-08,Cameroon,1,1
2020-03-15,Cameroon,25,25
2020-03-22,Cameroon,61,61
2020-03-29,Cameroon,421,421
2020-04-05,Cameroon,294,294
2020-04-12,Cameroon,213,213
2020-04-19,Cameroon,387,387
2020-04-26,Cameroon,666,666
2020-05-03,Cameroon,196,196
2020-05-10,Cameroon,840,840
2020-05-17,Cameroon,1295,1295
2020-05-24,Cameroon,1036,1036
2019-12-29,Canada,0,0
2020-01-05,Canada,0,0
2020-01-12,Canada,0,0
2020-01-19,Canada,0,0
2020-01-26,Canada,4,4
2020-02-02,Canada,3,3
2020-02-09,Canada,1,1
2020-02-16,Canada,1,1
2020-02-23,Canada,7,7
2020-03-01,Canada,35,35
2020-03-08,Canada,125,125
2020-03-15,Canada,795,795
2020-03-22,Canada,3704,3704
2020-03-29,Canada,7844,7844
2020-04-05,Canada,9614,9614
2020-04-12,Canada,9739,9739
2020-04-19,Canada,12005,12005
2020-04-26,Canada,11184,11184
2020-05-03,Canada,11373,11373
2020-05-10,Canada,8168,8168
2020-05-17,Canada,7867,7867
2020-05-24,Canada,6032,6032
2020-03-15,Cape_Verde,2,2
2020-03-22,Cape_Verde,3,3
2020-03-29,Cape_Verde,1,1
2020-04-05,Cape_Verde,1,1
2020-04-12,Cape_Verde,49,49
2020-04-19,Cape_Verde,32,32
2020-04-26,Cape_Verde,35,35
2020-05-03,Cape_Verde,107,107
2020-05-10,Cape_Verde,96,96
2020-05-17,Cape_Verde,36,36
2020-05-24,Cape_Verde,28,28
2019-12-29,Cases_on_an_international_conveyance_Japan,0,0
2020-01-05,Cases_on_an_international_conveyance_Japan,0,0
2020-01-12,Cases_on_an_international_conveyance_Japan,0,0
2020-01-19,Cases_on_an_international_conveyance_Japan,0,0
2020-01-26,Cases_on_an_international_conveyance_Japan,0,0
2020-02-02,Cases_on_an_international_conveyance_Japan,64,64
2020-02-09,Cases_on_an_international_conveyance_Japan,157,157
2020-02-16,Cases_on_an_international_conveyance_Japan,413,413
2020-02-23,Cases_on_an_international_conveyance_Japan,71,71
2020-03-01,Cases_on_an_international_conveyance_Japan,0,0
2020-03-08,Cases_on_an_international_conveyance_Japan,-9,-9
2020-03-15,Cayman_Islands,3,3
2020-03-22,Cayman_Islands,5,5
2020-03-29,Cayman_Islands,21,21
2020-04-05,Cayman_Islands,16,16
2020-04-12,Cayman_Islands,16,16
2020-04-19,Cayman_Islands,5,5
2020-04-26,Cayman_Islands,8,8
2020-05-03,Cayman_Islands,7,7
2020-05-10,Cayman_Islands,12,12
2020-05-17,Cayman_Islands,28,28
2020-05-24,Cayman_Islands,19,19
2020-03-15,Central_African_Republic,1,1
2020-03-22,Central_African_Republic,4,4
2020-03-29,Central_African_Republic,3,3
2020-04-05,Central_African_Republic,3,3
2020-04-12,Central_African_Republic,1,1
2020-04-19,Central_African_Republic,7,7
2020-04-26,Central_African_Republic,53,53
2020-05-03,Central_African_Republic,71,71
2020-05-10,Central_African_Republic,158,158
2020-05-17,Central_African_Republic,178,178
2020-05-24,Central_African_Republic,276,276
2020-03-15,Chad,1,1
2020-03-22,Chad,4,4
2020-03-29,Chad,2,2
2020-04-05,Chad,4,4
2020-04-12,Chad,22,22
2020-04-19,Chad,7,7
2020-04-26,Chad,33,33
2020-05-03,Chad,187,187
2020-05-10,Chad,168,168
2020-05-17,Chad,183,183
2020-05-24,Chad,115,115
2020-03-01,Chile,5,5
2020-03-08,Chile,38,38
2020-03-15,Chile,391,391
2020-03-22,Chile,1176,1176
2020-03-29,Chile,2127,2127
2020-04-05,Chile,2764,2764
2020-04-12,Chile,2751,2751
2020-04-19,Chile,3054,3054
2020-04-26,Chile,4702,4702
2020-05-03,Chile,8964,8964
2020-05-10,Chile,13570,13570
2020-05-17,Chile,22315,22315
2020-05-24,Chile,25086,25086
2019-12-29,China,44,44
2020-01-05,China,15,15
2020-01-12,China,21,21
2020-01-19,China,1243,1243
2020-01-26,China,10486,10486
2020-02-02,China,22816,22816
2020-02-09,China,31934,31934
2020-02-16,China,9810,9810
2020-02-23,China,2986,2986
2020-03-01,China,1413,1413
2020-03-08,China,205,205
2020-03-15,China,308,308
2020-03-22,China,665,665
2020-03-29,China,581,581
2020-04-05,China,477,477
2020-04-12,China,781,781
2020-04-19,China,114,114
2020-04-26,China,60,60
2020-05-03,China,17,17
2020-05-10,China,62,62
2020-05-17,China,43,43
2020-05-24,China,25,25
2020-03-01,Colombia,1,1
2020-03-08,Colombia,15,15
2020-03-15,Colombia,142,142
2020-03-22,Colombia,381,381
2020-03-29,Colombia,728,728
2020-04-05,Colombia,1206,1206
2020-04-12,Colombia,966,966
2020-04-19,Colombia,1442,1442
2020-04-26,Colombia,2125,2125
2020-05-03,Colombia,3045,3045
2020-05-10,Colombia,4165,4165
2020-05-17,Colombia,4915,4915
2020-05-24,Colombia,6235,6235
2020-04-26,Comoros,1,1
2020-05-03,Comoros,7,7
2020-05-10,Comoros,3,3
2020-05-17,Comoros,67,67
2020-05-24,Comoros,9,9
2020-03-15,Congo,3,3
2020-03-22,Congo,1,1
2020-03-29,Congo,37,37
2020-04-05,Congo,19,19
2020-04-12,Congo,83,83
2020-04-19,Congo,57,57
2020-04-26,Congo,29,29
2020-05-03,Congo,58,58
2020-05-10,Congo,104,104
2020-05-17,Congo,78,78
2020-05-24,Congo,102,102
2020-03-01,Costa_Rica,1,1
2020-03-08,Costa_Rica,25,25
2020-03-15,Costa_Rica,87,87
2020-03-22,Costa_Rica,150,150
2020-03-29,Costa_Rica,153,153
2020-04-05,Costa_Rica,142,142
2020-04-12,Costa_Rica,91,91
2020-04-19,Costa_Rica,38,38
2020-04-26,Costa_Rica,38,38
2020-05-03,Costa_Rica,48,48
2020-05-10,Costa_Rica,70,70
2020-05-17,Costa_Rica,68,68
2020-05-24,Costa_Rica,89,89
2020-03-08,Cote_dIvoire,1,1
2020-03-15,Cote_dIvoire,13,13
2020-03-22,Cote_dIvoire,87,87
2020-03-29,Cote_dIvoire,117,117
2020-04-05,Cote_dIvoire,262,262
2020-04-12,Cote_dIvoire,262,262
2020-04-19,Cote_dIvoire,335,335
2020-04-26,Cote_dIvoire,256,256
2020-05-03,Cote_dIvoire,269,269
2020-05-10,Cote_dIvoire,415,415
2020-05-17,Cote_dIvoire,284,284
2020-05-24,Cote_dIvoire,340,340
2019-12-29,Croatia,0,0
2020-01-05,Croatia,0,0
2020-01-12,Croatia,0,0
2020-01-19,Croatia,0,0
2020-01-26,Croatia,0,0
2020-02-02,Croatia,0,0
2020-02-09,Croatia,0,0
2020-02-16,Croatia,0,0
2020-02-23,Croatia,5,5
2020-03-01,Croatia,6,6
2020-03-08,Croatia,20,20
2020-03-15,Croatia,95,95
2020-03-22,Croatia,460,460
2020-03-29,Croatia,493,493
2020-04-05,Croatia,416,416
2020-04-12,Croatia,319,319
2020-04-19,Croatia,195,195
2020-04-26,Croatia,76,76
2020-05-03,Croatia,76,76
2020-05-10,Croatia,61,61
2020-05-17,Croatia,21,21
2020-05-24,Croatia,2,2
2020-03-08,Cuba,4,4
2020-03-15,Cuba,17,17
2020-03-22,Cuba,59,59
2020-03-29,Cuba,189,189
2020-04-05,Cuba,295,295
2020-04-12,Cuba,359,359
2020-04-19,Cuba,362,362
2020-04-26,Cuba,252,252
2020-05-03,Cuba,204,204
2020-05-10,Cuba,99,99
2020-05-17,Cuba,76,76
2020-05-24,Cuba,67,67
2020-03-08,Curaçao,1,1
2020-03-15,Curaçao,2,2
2020-03-22,Curaçao,5,5
2020-03-29,Curaçao,3,3
2020-04-05,Curaçao,3,3
2020-04-12,Curaçao,0,0
2020-04-19,Curaçao,2,2
2020-04-26,Curaçao,0,0
2020-05-03,Curaçao,0,0
2020-05-10,Curaçao,0,0
2020-05-17,Curaçao,0,0
2020-05-24,Curaçao,3,3
2020-03-08,Cyprus,14,14
2020-03-15,Cyprus,53,53
2020-03-22,Cyprus,95,95
2020-03-29,Cyprus,234,234
2020-04-05,Cyprus,199,199
2020-04-12,Cyprus,140,140
2020-04-19,Cyprus,69,69
2020-04-26,Cyprus,53,53
2020-05-03,Cyprus,34,34
2020-05-10,Cyprus,19,19
2020-05-17,Cyprus,17,17
2020-05-24,Cyprus,14,14
2019-12-29,Czechia,0,0
2020-01-05,Czechia,0,0
2020-01-12,Czechia,0,0
2020-01-19,Czechia,0,0
2020-01-26,Czechia,0,0
2020-02-02,Czechia,0,0
2020-02-09,Czechia,0,0
2020-02-16,Czechia,0,0
2020-02-23,Czechia,0,0
2020-03-01,Czechia,19,19
2020-03-08,Czechia,131,131
2020-03-15,Czechia,754,754
2020-03-22,Czechia,1375,1375
2020-03-29,Czechia,1911,1911
2020-04-05,Czechia,1542,1542
2020-04-12,Czechia,817,817
2020-04-19,Czechia,724,724
2020-04-26,Czechia,464,464
2020-05-03,Czechia,340,340
2020-05-10,Czechia,329,329
2020-05-17,Czechia,407,407
2020-05-24,Czechia,327,327
2020-03-08,Democratic_Republic_of_the_Congo,2,2
2020-03-15,Democratic_Republic_of_the_Congo,12,12
2020-03-22,Democratic_Republic_of_the_Congo,44,44
2020-03-29,Democratic_Republic_of_the_Congo,76,76
2020-04-05,Democratic_Republic_of_the_Congo,89,89
2020-04-12,Democratic_Republic_of_the_Congo,84,84
2020-04-19,Democratic_Republic_of_the_Congo,109,109
2020-04-26,Democratic_Republic_of_the_Congo,188,188
2020-05-03,Democratic_Republic_of_the_Congo,333,333
2020-05-10,Democratic_Republic_of_the_Congo,432,432
2020-05-17,Democratic_Republic_of_the_Congo,656,656
2020-05-24,Democratic_Republic_of_the_Congo,807,807
2019-12-29,Denmark,0,0
2020-01-05,Denmark,0,0
2020-01-12,Denmark,0,0
2020-01-19,Denmark,0,0
2020-01-26,Denmark,0,0
2020-02-02,Denmark,0,0
2020-02-09,Denmark,0,0
2020-02-16,Denmark,0,0
2020-02-23,Denmark,2,2
2020-03-01,Denmark,21,21
2020-03-08,Denmark,781,781
2020-03-15,Denmark,451,451
2020-03-22,Denmark,791,791
2020-03-29,Denmark,1711,1711
2020-04-05,Denmark,2062,2062
2020-04-12,Denmark,1254,1254
2020-04-19,Denmark,1137,1137
2020-04-26,Denmark,1101,1101
2020-05-03,Denmark,907,907
2020-05-10,Denmark,573,573
2020-05-17,Denmark,439,439
2020-05-24,Denmark,282,282
2020-03-15,Djibouti,1,1
2020-03-22,Djibouti,12,12
2020-03-29,Djibouti,28,28
2020-04-05,Djibouti,109,109
2020-04-12,Djibouti,582,582
2020-04-19,Djibouti,267,267
2020-04-26,Djibouti,98,98
2020-05-03,Djibouti,38,38
2020-05-10,Djibouti,174,174
2020-05-17,Djibouti,961,961
2020-05-24,Djibouti,644,644
2020-03-22,Dominica,11,11
2020-03-29,Dominica,3,3
2020-04-05,Dominica,2,2
2020-04-12,Dominica,0,0
2020-04-19,Dominica,0,0
2020-04-26,Dominica,0,0
2020-05-03,Dominica,0,0
2020-05-10,Dominica,0,0
2020-05-17,Dominica,0,0
2020-05-24,Dominica,0,0
2019-12-29,Dominican_Republic,0,0
2020-01-05,Dominican_Republic,0,0
2020-01-12,Dominican_Republic,0,0
2020-01-19,Dominican_Republic,0,0
2020-01-26,Dominican_Republic,0,0
2020-02-02,Dominican_Republic,0,0
2020-02-09,Dominican_Republic,0,0
2020-02-16,Dominican_Republic,0,0
2020-02-23,Dominican_Republic,0,0
2020-03-01,Dominican_Republic,2,2
2020-03-08,Dominican_Republic,9,9
2020-03-15,Dominican_Republic,23,23
2020-03-22,Dominican_Republic,547,547
2020-03-29,Dominican_Republic,907,907
2020-04-05,Dominican_Republic,1132,1132
2020-04-12,Dominican_Republic,1506,1506
2020-04-19,Dominican_Republic,1623,1623
2020-04-26,Dominican_Republic,1539,1539
2020-05-03,Dominican_Republic,2088,2088
2020-05-10,Dominican_Republic,2363,2363
2020-05-17,Dominican_Republic,2250,2250
2020-05-24,Dominican_Republic,2079,2079
2019-12-29,Ecuador,0,0
2020-01-05,Ecuador,0,0
2020-01-12,Ecuador,0,0
2020-01-19,Ecuador,0,0
2020-01-26,Ecuador,0,0
2020-02-02,Ecuador,0,0
2020-02-09,Ecuador,0,0
2020-02-16,Ecuador,0,0
2020-02-23,Ecuador,0,0
2020-03-01,Ecuador,13,13
2020-03-08,Ecuador,10,10
2020-03-15,Ecuador,403,403
2020-03-22,Ecuador,1201,1201
2020-03-29,Ecuador,1741,1741
2020-04-05,Ecuador,3793,3793
2020-04-12,Ecuador,1289,1289
2020-04-19,Ecuador,2733,2733
2020-04-26,Ecuador,15153,15153
2020-05-03,Ecuador,2482,2482
2020-05-10,Ecuador,2649,2649
2020-05-17,Ecuador,4361,4361
2020-05-24,Ecuador,2643,2643
2019-12-29,Egypt,0,0
2020-01-05,Egypt,0,0
2020-01-12,Egypt,0,0
2020-01-19,Egypt,0,0
2020-01-26,Egypt,0,0
2020-02-02,Egypt,0,0
2020-02-09,Egypt,1,1
2020-02-16,Egypt,0,0
2020-02-23,Egypt,0,0
2020-03-01,Egypt,14,14
2020-03-08,Egypt,78,78
2020-03-15,Egypt,163,163
2020-03-22,Egypt,239,239
2020-03-29,Egypt,284,284
2020-04-05,Egypt,1015,1015
2020-04-12,Egypt,1050,1050
2020-04-19,Egypt,1248,1248
2020-04-26,Egypt,1803,1803
2020-05-03,Egypt,2581,2581
2020-05-10,Egypt,2752,2752
2020-05-17,Egypt,4558,4558
2020-05-24,Egypt,5007,5007
2020-03-15,El_Salvador,3,3
2020-03-22,El_Salvador,10,10
2020-03-29,El_Salvador,43,43
2020-04-05,El_Salvador,62,62
2020-04-12,El_Salvador,59,59
2020-04-19,El_Salvador,84,84
2020-04-26,El_Salvador,185,185
2020-05-03,El_Salvador,338,338
2020-05-10,El_Salvador,481,481
2020-05-17,El_Salvador,460,460
2020-05-24,El_Salvador,469,469
2020-03-15,Equatorial_Guinea,4,4
2020-03-22,Equatorial_Guinea,9,9
2020-03-29,Equatorial_Guinea,3,3
2020-04-05,Equatorial_Guinea,2,2
2020-04-12,Equatorial_Guinea,61,61
2020-04-19,Equatorial_Guinea,133,133
2020-04-26,Equatorial_Guinea,103,103
2020-05-03,Equatorial_Guinea,124,124
2020-05-10,Equatorial_Guinea,155,155
2020-05-17,Equatorial_Guinea,309,309
2020-05-24,Equatorial_Guinea,140,140
2020-03-22,Eritrea,6,6
2020-03-29,Eritrea,16,16
2020-04-05,Eritrea,12,12
2020-04-12,Eritrea,1,1
2020-04-19,Eritrea,4,4
2020-04-26,Eritrea,0,0
2020-05-03,Eritrea,0,0
2020-05-10,Eritrea,0,0
2020-05-17,Eritrea,0,0
2020-05-24,Eritrea,0,0
2019-12-29,Estonia,0,0
2020-01-05,Estonia,0,0
2020-01-12,Estonia,0,0
2020-01-19,Estonia,0,0
2020-01-26,Estonia,0,0
2020-02-02,Estonia,0,0
2020-02-09,Estonia,0,0
2020-02-16,Estonia,0,0
2020-02-23,Estonia,1,1
2020-03-01,Estonia,9,9
2020-03-08,Estonia,69,69
2020-03-15,Estonia,204,204
2020-03-22,Estonia,292,292
2020-03-29,Estonia,386,386
2020-04-05,Estonia,297,297
2020-04-12,Estonia,201,201
2020-04-19,Estonia,146,146
2020-04-26,Estonia,89,89
2020-05-03,Estonia,31,31
2020-05-10,Estonia,41,41
2020-05-17,Estonia,41,41
2020-05-24,Estonia,44,44
2020-03-15,Eswatini,1,1
2020-03-22,Eswatini,8,8
2020-03-29,Eswatini,0,0
2020-04-05,Eswatini,3,3
2020-04-12,Eswatini,7,7
2020-04-19,Eswatini,21,21
2020-04-26,Eswatini,66,66
2020-05-03,Eswatini,53,53
2020-05-10,Eswatini,31,31
2020-05-17,Eswatini,30,30
2020-05-24,Eswatini,59,59
2020-03-08,Ethiopia,1,1
2020-03-15,Ethiopia,8,8
2020-03-22,Ethiopia,7,7
2020-03-29,Ethiopia,19,19
2020-04-05,Ethiopia,30,30
2020-04-12,Ethiopia,31,31
2020-04-19,Ethiopia,21,21
2020-04-26,Ethiopia,16,16
2020-05-03,Ethiopia,61,61
2020-05-10,Ethiopia,93,93
2020-05-17,Ethiopia,146,146
2020-05-24,Ethiopia,398,398
2020-03-29,Falkland_Islands_(Malvinas),1,1
2020-04-05,Falkland_Islands_(Malvinas),4,4
2020-04-12,Falkland_Islands_(Malvinas),6,6
2020-04-19,Falkland_Islands_(Malvinas),1,1
2020-04-26,Falkland_Islands_(Malvinas),1,1
2020-05-03,Falkland_Islands_(Malvinas),0,0
2020-05-10,Falkland_Islands_(Malvinas),0,0
2020-05-17,Falkland_Islands_(Malvinas),0,0
2020-05-24,Falkland_Islands_(Malvinas),0,0
2020-03-15,Faroe_Islands,80,80
2020-03-22,Faroe_Islands,64,64
2020-03-29,Faroe_Islands,35,35
2020-04-05,Faroe_Islands,5,5
2020-04-12,Faroe_Islands,0,0
2020-04-19,Faroe_Islands,3,3
2020-04-26,Faroe_Islands,0,0
2020-05-03,Faroe_Islands,0,0
2020-05-10,Faroe_Islands,0,0
2020-05-17,Faroe_Islands,0,0
2020-05-24,Faroe_Islands,0,0
2020-03-15,Fiji,1,1
2020-03-22,Fiji,4,4
2020-03-29,Fiji,7,7
2020-04-05,Fiji,4,4
2020-04-12,Fiji,1,1
2020-04-19,Fiji,1,1
2020-04-26,Fiji,0,0
2020-05-03,Fiji,0,0
2020-05-10,Fiji,0,0
2020-05-17,Fiji,0,0
2020-05-24,Fiji,0,0
2019-12-29,Finland,0,0
2020-01-05,Finland,0,0
2020-01-12,Finland,0,0
2020-01-19,Finland,0,0
2020-01-26,Finland,1,1
2020-02-02,Finland,0,0
2020-02-09,Finland,0,0
2020-02-16,Finland,0,0
2020-02-23,Finland,2,2
2020-03-01,Finland,16,16
2020-03-08,Finland,164,164
2020-03-15,Finland,267,267
2020-03-22,Finland,575,575
2020-03-29,Finland,590,590
2020-04-05,Finland,1154,1154
2020-04-12,Finland,720,720
2020-04-19,Finland,906,906
2020-04-26,Finland,656,656
2020-05-03,Finland,687,687
2020-05-10,Finland,490,490
2020-05-17,Finland,309,309
2020-05-24,Finland,206,206
2019-12-29,France,0,0
2020-01-05,France,0,0
2020-01-12,France,0,0
2020-01-19,France,3,3
2020-01-26,France,3,3
2020-02-02,France,5,5
2020-02-09,France,0,0
2020-02-16,France,1,1
2020-02-23,France,45,45
2020-03-01,France,556,556
2020-03-08,France,3048,3048
2020-03-15,France,8951,8951
2020-03-22,France,20352,20352
2020-03-29,France,31374,31374
2020-04-05,France,26338,26338
2020-04-12,France,18576,18576
2020-04-19,France,13325,13325
2020-04-26,France,7608,7608
2020-05-03,France,8236,8236
2020-05-10,France,3498,3498
2020-05-17,France,2647,2647
2020-05-24,France,4505,4505
2020-03-15,French_Polynesia,15,15
2020-03-22,French_Polynesia,15,15
2020-03-29,French_Polynesia,9,9
2020-04-05,French_Polynesia,12,12
2020-04-12,French_Polynesia,4,4
2020-04-19,French_Polynesia,2,2
2020-04-26,French_Polynesia,1,1
2020-05-03,French_Polynesia,2,2
2020-05-10,French_Polynesia,0,0
2020-05-17,French_Polynesia,0,0
2020-05-24,French_Polynesia,0,0
2020-03-08,Gabon,1,1
2020-03-15,Gabon,2,2
2020-03-22,Gabon,4,4
2020-03-29,Gabon,14,14
2020-04-05,Gabon,25,25
2020-04-12,Gabon,62,62
2020-04-19,Gabon,64,64
2020-04-26,Gabon,136,136
2020-05-03,Gabon,312,312
2020-05-10,Gabon,589,589
2020-05-17,Gabon,519,519
2020-05-24,Gabon,703,703
2020-03-15,Gambia,1,1
2020-03-22,Gambia,2,2
2020-03-29,Gambia,1,1
2020-04-05,Gambia,0,0
2020-04-12,Gambia,5,5
2020-04-19,Gambia,1,1
2020-04-26,Gambia,2,2
2020-05-03,Gambia,8,8
2020-05-10,Gambia,3,3
2020-05-17,Gambia,2,2
2020-05-24,Gambia,0,0
2019-12-29,Georgia,0,0
2020-01-05,Georgia,0,0
2020-01-12,Georgia,0,0
2020-01-19,Georgia,0,0
2020-01-26,Georgia,0,0
2020-02-02,Georgia,0,0
2020-02-09,Georgia,0,0
2020-02-16,Georgia,0,0
2020-02-23,Georgia,2,2
2020-03-01,Georgia,7,7
2020-03-08,Georgia,21,21
2020-03-15,Georgia,13,13
2020-03-22,Georgia,38,38
2020-03-29,Georgia,67,67
2020-04-05,Georgia,86,86
2020-04-12,Georgia,136,136
2020-04-19,Georgia,74,74
2020-04-26,Georgia,138,138
2020-05-03,Georgia,41,41
2020-05-10,Georgia,48,48
2020-05-17,Georgia,52,52
2020-05-24,Georgia,15,15
2019-12-29,Germany,0,0
2020-01-05,Germany,0,0
2020-01-12,Germany,0,0
2020-01-19,Germany,0,0
2020-01-26,Germany,7,7
2020-02-02,Germany,6,6
2020-02-09,Germany,2,2
2020-02-16,Germany,0,0
2020-02-23,Germany,42,42
2020-03-01,Germany,627,627
2020-03-08,Germany,2378,2378
2020-03-15,Germany,15125,15125
2020-03-22,Germany,30395,30395
2020-03-29,Germany,37196,37196
2020-04-05,Germany,31880,31880
2020-04-12,Germany,19781,19781
2020-04-19,Germany,14999,14999
2020-04-26,Germany,9265,9265
2020-05-03,Germany,6848,6848
2020-05-10,Germany,5221,5221
2020-05-17,Germany,4078,4078
2020-05-24,Germany,2608,2608
2020-03-08,Ghana,2,2
2020-03-15,Ghana,14,14
2020-03-22,Ghana,121,121
2020-03-29,Ghana,68,68
2020-04-05,Ghana,173,173
2020-04-12,Ghana,263,263
2020-04-19,Ghana,638,638
2020-04-26,Ghana,795,795
2020-05-03,Ghana,1938,1938
2020-05-10,Ghana,1626,1626
2020-05-17,Ghana,979,979
2020-05-24,Ghana,686,686
2020-03-15,Gibraltar,10,10
2020-03-22,Gibraltar,45,45
2020-03-29,Gibraltar,40,40
2020-04-05,Gibraltar,32,32
2020-04-12,Gibraltar,6,6
2020-04-19,Gibraltar,0,0
2020-04-26,Gibraltar,11,11
2020-05-03,Gibraltar,2,2
2020-05-10,Gibraltar,1,1
2020-05-17,Gibraltar,4,4
2020-05-24,Gibraltar,6,6
2019-12-29,Greece,0,0
2020-01-05,Greece,0,0
2020-01-12,Greece,0,0
2020-01-19,Greece,0,0
2020-01-26,Greece,0,0
2020-02-02,Greece,0,0
2020-02-09,Greece,0,0
2020-02-16,Greece,0,0
2020-02-23,Greece,4,4
2020-03-01,Greece,41,41
2020-03-08,Greece,145,145
2020-03-15,Greece,305,305
2020-03-22,Greece,471,471
2020-03-29,Greece,647,647
2020-04-05,Greece,398,398
2020-04-12,Greece,196,196
2020-04-19,Greece,283,283
2020-04-26,Greece,101,101
2020-05-03,Greece,100,100
2020-05-10,Greece,119,119
2020-05-17,Greece,63,63
2020-05-24,Greece,33,33
2020-03-15,Greenland,2,2
2020-03-22,Greenland,7,7
2020-03-29,Greenland,1,1
2020-04-05,Greenland,1,1
2020-04-12,Greenland,0,0
2020-04-19,Greenland,0,0
2020-04-26,Greenland,0,0
2020-05-03,Greenland,0,0
2020-05-10,Greenland,0,0
2020-05-17,Greenland,0,0
2020-05-24,Greenland,2,2
2020-03-22,Grenada,7,7
2020-03-29,Grenada,5,5
2020-04-05,Grenada,2,2
2020-04-12,Grenada,0,0
2020-04-19,Grenada,1,1
2020-04-26,Grenada,5,5
2020-05-03,Grenada,1,1
2020-05-10,Grenada,1,1
2020-05-17,Grenada,0,0
2020-05-24,Grenada,1,1
2020-03-15,Guam,14,14
2020-03-22,Guam,37,37
2020-03-29,Guam,36,36
2020-04-05,Guam,43,43
2020-04-12,Guam,6,6
2020-04-19,Guam,5,5
2020-04-26,Guam,5,5
2020-05-03,Guam,5,5
2020-05-10,Guam,3,3
2020-05-17,Guam,11,11
2020-05-24,Guam,7,7
2020-03-15,Guatemala,13,13
2020-03-22,Guatemala,19,19
2020-03-29,Guatemala,18,18
2020-04-05,Guatemala,87,87
2020-04-12,Guatemala,98,98
2020-04-19,Guatemala,195,195
2020-04-26,Guatemala,214,214
2020-05-03,Guatemala,256,256
2020-05-10,Guatemala,743,743
2020-05-17,Guatemala,1100,1100
2020-05-24,Guatemala,1605,1605
2020-03-15,Guernsey,1,1
2020-03-22,Guernsey,35,35
2020-03-29,Guernsey,78,78
2020-04-05,Guernsey,86,86
2020-04-12,Guernsey,34,34
2020-04-19,Guernsey,11,11
2020-04-26,Guernsey,7,7
2020-05-03,Guernsey,0,0
2020-05-10,Guernsey,0,0
2020-05-17,Guernsey,0,0
2020-05-24,Guernsey,0,0
2020-03-08,Guinea,1,1
2020-03-15,Guinea,1,1
2020-03-22,Guinea,3,3
2020-03-29,Guinea,47,47
2020-04-05,Guinea,160,160
2020-04-12,Guinea,265,265
2020-04-19,Guinea,477,477
2020-04-26,Guinea,583,583
2020-05-03,Guinea,472,472
2020-05-10,Guinea,522,522
2020-05-17,Guinea,536,536
2020-05-24,Guinea,486,486
2020-03-22,Guinea_Bissau,2,2
2020-03-29,Guinea_Bissau,13,13
2020-04-05,Guinea_Bissau,20,20
2020-04-12,Guinea_Bissau,15,15
2020-04-19,Guinea_Bissau,2,2
2020-04-26,Guinea_Bissau,205,205
2020-05-03,Guinea_Bissau,337,337
2020-05-10,Guinea_Bissau,319,319
2020-05-17,Guinea_Bissau,176,176
2020-05-24,Guinea_Bissau,89,89
2020-03-08,Guyana,1,1
2020-03-15,Guyana,4,4
2020-03-22,Guyana,0,0
2020-03-29,Guyana,18,18
2020-04-05,Guyana,17,17
2020-04-12,Guyana,23,23
2020-04-19,Guyana,10,10
2020-04-26,Guyana,9,9
2020-05-03,Guyana,12,12
2020-05-10,Guyana,22,22
2020-05-17,Guyana,11,11
2020-05-24,Guyana,23,23
2020-03-15,Haiti,2,2
2020-03-22,Haiti,6,6
2020-03-29,Haiti,10,10
2020-04-05,Haiti,13,13
2020-04-12,Haiti,13,13
2020-04-19,Haiti,28,28
2020-04-26,Haiti,13,13
2020-05-03,Haiti,61,61
2020-05-10,Haiti,164,164
2020-05-17,Haiti,502,502
2020-05-24,Haiti,631,631
2020-03-01,Holy_See,1,1
2020-03-15,Holy_See,0,0
2020-03-22,Holy_See,4,4
2020-03-29,Holy_See,2,2
2020-04-05,Holy_See,1,1
2020-04-12,Holy_See,0,0
2020-04-19,Holy_See,1,1
2020-04-26,Holy_See,2,2
2020-05-03,Holy_See,1,1
2020-05-10,Holy_See,0,0
2020-05-17,Holy_See,0,0
2020-05-24,Holy_See,0,0
2020-03-08,Honduras,3,3
2020-03-15,Honduras,21,21
2020-03-22,Honduras,71,71
2020-03-29,Honduras,169,169
2020-04-05,Honduras,128,128
2020-04-12,Honduras,65,65
2020-04-19,Honduras,134,134
2020-04-26,Honduras,308,308
2020-05-03,Honduras,872,872
2020-05-10,Honduras,689,689
2020-05-17,Honduras,1017,1017
2020-05-24,Honduras,1275,1275
2020-03-01,Hungary,4,4
2020-03-08,Hungary,21,21
2020-03-15,Hungary,78,78
2020-03-22,Hungary,240,240
2020-03-29,Hungary,335,335
2020-04-05,Hungary,632,632
2020-04-12,Hungary,524,524
2020-04-19,Hungary,609,609
2020-04-26,Hungary,499,499
2020-05-03,Hungary,271,271
2020-05-10,Hungary,260,260
2020-05-17,Hungary,240,240
2020-05-24,Hungary,128,128
2019-12-29,Iceland,0,0
2020-01-05,Iceland,0,0
2020-01-12,Iceland,0,0
2020-01-19,Iceland,0,0
2020-01-26,Iceland,0,0
2020-02-02,Iceland,0,0
2020-02-09,Iceland,0,0
2020-02-16,Iceland,0,0
2020-02-23,Iceland,1,1
2020-03-01,Iceland,42,42
2020-03-08,Iceland,74,74
2020-03-15,Iceland,292,292
2020-03-22,Iceland,481,481
2020-03-29,Iceland,474,474
2020-04-05,Iceland,311,311
2020-04-12,Iceland,79,79
2020-04-19,Iceland,35,35
2020-04-26,Iceland,9,9
2020-05-03,Iceland,3,3
2020-05-10,Iceland,1,1
2020-05-17,Iceland,1,1
2020-05-24,Iceland,2,2
2019-12-29,India,0,0
2020-01-05,India,0,0
2020-01-12,India,0,0
2020-01-19,India,0,0
2020-01-26,India,1,1
2020-02-02,India,2,2
2020-02-09,India,0,0
2020-02-16,India,0,0
2020-02-23,India,0,0
2020-03-01,India,28,28
2020-03-08,India,52,52
2020-03-15,India,148,148
2020-03-22,India,642,642
2020-03-29,India,2029,2029
2020-04-05,India,4545,4545
2020-04-12,India,6931,6931
2020-04-19,India,10128,10128
2020-04-26,India,12830,12830
2020-05-03,India,22326,22326
2020-05-10,India,26278,26278
2020-05-17,India,39161,39161
2020-05-24,India,40698,40698
2019-12-29,Indonesia,0,0
2020-01-05,Indonesia,0,0
2020-01-12,Indonesia,0,0
2020-01-19,Indonesia,0,0
2020-01-26,Indonesia,0,0
2020-02-02,Indonesia,0,0
2020-02-09,Indonesia,0,0
2020-02-16,Indonesia,0,0
2020-02-23,Indonesia,0,0
2020-03-01,Indonesia,4,4
2020-03-08,Indonesia,65,65
2020-03-15,Indonesia,240,240
2020-03-22,Indonesia,737,737
2020-03-29,Indonesia,940,940
2020-04-05,Indonesia,1526,1526
2020-04-12,Indonesia,2411,2411
2020-04-19,Indonesia,2288,2288
2020-04-26,Indonesia,2340,2340
2020-05-03,Indonesia,2561,2561
2020-05-10,Indonesia,3384,3384
2020-05-17,Indonesia,4300,4300
2020-05-24,Indonesia,3742,3742
2019-12-29,Iran,0,0
2020-01-05,Iran,0,0
2020-01-12,Iran,0,0
2020-01-19,Iran,0,0
2020-01-26,Iran,0,0
2020-02-02,Iran,0,0
2020-02-09,Iran,0,0
2020-02-16,Iran,18,18
2020-02-23,Iran,370,370
2020-03-01,Iran,4359,4359
2020-03-08,Iran,6617,6617
2020-03-15,Iran,8280,8280
2020-03-22,Iran,12688,12688
2020-03-29,Iran,18136,18136
2020-04-05,Iran,17724,17724
2020-04-12,Iran,11302,11302
2020-04-19,Iran,8700,8700
2020-04-26,Iran,7452,7452
2020-05-03,Iran,9045,9045
2020-05-10,Iran,11944,11944
2020-05-17,Iran,15017,15017
2020-05-24,Iran,12197,12197
2019-12-29,Iraq,0,0
2020-01-05,Iraq,0,0
2020-01-12,Iraq,0,0
2020-01-19,Iraq,0,0
2020-01-26,Iraq,0,0
2020-02-02,Iraq,0,0
2020-02-09,Iraq,0,0
2020-02-16,Iraq,0,0
2020-02-23,Iraq,7,7
2020-03-01,Iraq,31,31
2020-03-08,Iraq,47,47
2020-03-15,Iraq,108,108
2020-03-22,Iraq,265,265
2020-03-29,Iraq,314,314
2020-04-05,Iraq,507,507
2020-04-12,Iraq,203,203
2020-04-19,Iraq,226,226
2020-04-26,Iraq,445,445
2020-05-03,Iraq,450,450
2020-05-10,Iraq,590,590
2020-05-17,Iraq,771,771
2020-05-24,Iraq,1493,1493
2019-12-29,Ireland,0,0
2020-01-05,Ireland,0,0
2020-01-12,Ireland,0,0
2020-01-19,Ireland,0,0
2020-01-26,Ireland,0,0
2020-02-02,Ireland,0,0
2020-02-09,Ireland,0,0
2020-02-16,Ireland,0,0
2020-02-23,Ireland,0,0
2020-03-01,Ireland,18,18
2020-03-08,Ireland,73,73
2020-03-15,Ireland,592,592
2020-03-22,Ireland,1438,1438
2020-03-29,Ireland,2152,2152
2020-04-05,Ireland,3816,3816
2020-04-12,Ireland,5891,5891
2020-04-19,Ireland,4204,4204
2020-04-26,Ireland,2649,2649
2020-05-03,Ireland,1708,1708
2020-05-10,Ireland,1415,1415
2020-05-17,Ireland,550,550
2020-05-24,Ireland,335,335
2020-03-15,Isle_of_Man,1,1
2020-03-22,Isle_of_Man,28,28
2020-03-29,Isle_of_Man,85,85
2020-04-05,Isle_of_Man,87,87
2020-04-12,Isle_of_Man,88,88
2020-04-19,Isle_of_Man,19,19
2020-04-26,Isle_of_Man,8,8
2020-05-03,Isle_of_Man,13,13
2020-05-10,Isle_of_Man,5,5
2020-05-17,Isle_of_Man,2,2
2020-05-24,Isle_of_Man,0,0
2019-12-29,Israel,0,0
2020-01-05,Israel,0,0
2020-01-12,Israel,0,0
2020-01-19,Israel,0,0
2020-01-26,Israel,0,0
2020-02-02,Israel,0,0
2020-02-09,Israel,0,0
2020-02-16,Israel,1,1
2020-02-23,Israel,6,6
2020-03-01,Israel,12,12
2020-03-08,Israel,97,97
2020-03-15,Israel,596,596
2020-03-22,Israel,2323,2323
2020-03-29,Israel,4393,4393
2020-04-05,Israel,2980,2980
2020-04-12,Israel,2574,2574
2020-04-19,Israel,2076,2076
2020-04-26,Israel,1043,1043
2020-05-03,Israel,335,335
2020-05-10,Israel,153,153
2020-05-17,Israel,101,101
2020-05-24,Israel,182,182
2019-12-29,Italy,0,0
2020-01-05,Italy,0,0
2020-01-12,Italy,0,0
2020-01-19,Italy,0,0
2020-01-26,Italy,3,3
2020-02-02,Italy,0,0
2020-02-09,Italy,0,0
2020-02-16,Italy,14,14
2020-02-23,Italy,871,871
2020-03-01,Italy,3748,3748
2020-03-08,Italy,13024,13024
2020-03-15,Italy,29361,29361
2020-03-22,Italy,39477,39477
2020-03-29,Italy,33329,33329
2020-04-05,Italy,27750,27750
2020-04-12,Italy,24857,24857
2020-04-19,Italy,20560,20560
2020-04-26,Italy,14434,14434
2020-05-03,Italy,9757,9757
2020-05-10,Italy,6700,6700
2020-05-17,Italy,4773,4773
2020-05-24,Italy,3074,3074
2020-03-08,Jamaica,8,8
2020-03-15,Jamaica,11,11
2020-03-22,Jamaica,7,7
2020-03-29,Jamaica,27,27
2020-04-05,Jamaica,12,12
2020-04-12,Jamaica,98,98
2020-04-19,Jamaica,125,125
2020-04-26,Jamaica,144,144
2020-05-03,Jamaica,58,58
2020-05-10,Jamaica,21,21
2020-05-17,Jamaica,33,33
2020-05-24,Jamaica,25,25
2019-12-29,Japan,0,0
2020-01-05,Japan,0,0
2020-01-12,Japan,1,1
2020-01-19,Japan,1,1
2020-01-26,Japan,13,13
2020-02-02,Japan,10,10
2020-02-09,Japan,13,13
2020-02-16,Japan,67,67
2020-02-23,Japan,125,125
2020-03-01,Japan,178,178
2020-03-08,Japan,329,329
2020-03-15,Japan,270,270
2020-03-22,Japan,492,492
2020-03-29,Japan,1436,1436
2020-04-05,Japan,2412,2412
2020-04-12,Japan,4448,4448
2020-04-19,Japan,3097,3097
2020-04-26,Japan,1652,1652
2020-05-03,Japan,1084,1084
2020-05-10,Japan,609,609
2020-05-17,Japan,299,299
2020-05-24,Japan,183,183
2020-03-15,Jersey,12,12
2020-03-22,Jersey,40,40
2020-03-29,Jersey,66,66
2020-04-05,Jersey,80,80
2020-04-12,Jersey,26,26
2020-04-19,Jersey,54,54
2020-04-26,Jersey,8,8
2020-05-03,Jersey,7,7
2020-05-10,Jersey,4,4
2020-05-17,Jersey,9,9
2020-05-24,Jersey,2,2
2020-03-01,Jordan,1,1
2020-03-08,Jordan,0,0
2020-03-15,Jordan,68,68
2020-03-22,Jordan,143,143
2020-03-29,Jordan,87,87
2020-04-05,Jordan,73,73
2020-04-12,Jordan,35,35
2020-04-19,Jordan,34,34
2020-04-26,Jordan,18,18
2020-05-03,Jordan,49,49
2020-05-10,Jordan,88,88
2020-05-17,Jordan,104,104
2020-05-24,Jordan,28,28
2020-03-15,Kazakhstan,53,53
2020-03-22,Kazakhstan,140,140
2020-03-29,Kazakhstan,267,267
2020-04-05,Kazakhstan,380,380
2020-04-12,Kazakhstan,751,751
2020-04-19,Kazakhstan,891,891
2020-04-26,Kazakhstan,1189,1189
2020-05-03,Kazakhstan,1163,1163
2020-05-10,Kazakhstan,1016,1016
2020-05-17,Kazakhstan,2069,2069
2020-05-24,Kazakhstan,2013,2013
2020-03-08,Kenya,1,1
2020-03-15,Kenya,6,6
2020-03-22,Kenya,24,24
2020-03-29,Kenya,91,91
2020-04-05,Kenya,67,67
2020-04-12,Kenya,57,57
2020-04-19,Kenya,90,90
2020-04-26,Kenya,75,75
2020-05-03,Kenya,210,210
2020-05-10,Kenya,160,160
2020-05-17,Kenya,380,380
2020-05-24,Kenya,457,457
2020-03-15,Kosovo,24,24
2020-03-22,Kosovo,62,62
2020-03-29,Kosovo,40,40
2020-04-05,Kosovo,124,124
2020-04-12,Kosovo,230,230
2020-04-19,Kosovo,223,223
2020-04-26,Kosovo,110,110
2020-05-03,Kosovo,49,49
2020-05-10,Kosovo,82,82
2020-05-17,Kosovo,60,60
2020-05-24,Kosovo,44,44
2019-12-29,Kuwait,0,0
2020-01-05,Kuwait,0,0
2020-01-12,Kuwait,0,0
2020-01-19,Kuwait,0,0
2020-01-26,Kuwait,0,0
2020-02-02,Kuwait,0,0
2020-02-09,Kuwait,0,0
2020-02-16,Kuwait,0,0
2020-02-23,Kuwait,45,45
2020-03-01,Kuwait,13,13
2020-03-08,Kuwait,42,42
2020-03-15,Kuwait,59,59
2020-03-22,Kuwait,66,66
2020-03-29,Kuwait,117,117
2020-04-05,Kuwait,651,651
2020-04-12,Kuwait,665,665
2020-04-19,Kuwait,956,956
2020-04-26,Kuwait,1763,1763
2020-05-03,Kuwait,2831,2831
2020-05-10,Kuwait,5652,5652
2020-05-17,Kuwait,6704,6704
2020-05-24,Kuwait,4548,4548
2020-03-15,Kyrgyzstan,6,6
2020-03-22,Kyrgyzstan,52,52
2020-03-29,Kyrgyzstan,86,86
2020-04-05,Kyrgyzstan,195,195
2020-04-12,Kyrgyzstan,167,167
2020-04-19,Kyrgyzstan,159,159
2020-04-26,Kyrgyzstan,104,104
2020-05-03,Kyrgyzstan,162,162
2020-05-10,Kyrgyzstan,186,186
2020-05-17,Kyrgyzstan,247,247
2020-05-24,Kyrgyzstan,298,298
2020-03-22,Laos,6,6
2020-03-29,Laos,4,4
2020-04-05,Laos,6,6
2020-04-12,Laos,3,3
2020-04-19,Laos,0,0
2020-04-26,Laos,0,0
2020-05-03,Laos,0,0
2020-05-10,Laos,0,0
2020-05-17,Laos,0,0
2020-05-24,Laos,0,0
2020-03-01,Latvia,1,1
2020-03-08,Latvia,18,18
2020-03-15,Latvia,92,92
2020-03-22,Latvia,169,169
2020-03-29,Latvia,213,213
2020-04-05,Latvia,119,119
2020-04-12,Latvia,70,70
2020-04-19,Latvia,102,102
2020-04-26,Latvia,86,86
2020-05-03,Latvia,58,58
2020-05-10,Latvia,42,42
2020-05-17,Latvia,60,60
2020-05-24,Latvia,31,31
2019-12-29,Lebanon,0,0
2020-01-05,Lebanon,0,0
2020-01-12,Lebanon,0,0
2020-01-19,Lebanon,0,0
2020-01-26,Lebanon,0,0
2020-02-02,Lebanon,0,0
2020-02-09,Lebanon,0,0
2020-02-16,Lebanon,1,1
2020-02-23,Lebanon,2,2
2020-03-01,Lebanon,19,19
2020-03-08,Lebanon,44,44
2020-03-15,Lebanon,97,97
2020-03-22,Lebanon,228,228
2020-03-29,Lebanon,103,103
2020-04-05,Lebanon,115,115
2020-04-12,Lebanon,59,59
2020-04-19,Lebanon,28,28
2020-04-26,Lebanon,33,33
2020-05-03,Lebanon,67,67
2020-05-10,Lebanon,95,95
2020-05-17,Lebanon,195,195
2020-05-24,Lebanon,82,82
2020-05-10,Lesotho,1,1
2020-05-17,Lesotho,0,0
2020-05-24,Lesotho,1,1
2020-03-15,Liberia,2,2
2020-03-22,Liberia,1,1
2020-03-29,Liberia,4,4
2020-04-05,Liberia,30,30
2020-04-12,Liberia,39,39
2020-04-19,Liberia,41,41
2020-04-26,Liberia,35,35
2020-05-03,Liberia,47,47
2020-05-10,Liberia,20,20
2020-05-17,Liberia,30,30
2020-05-24,Liberia,20,20
2020-03-22,Libya,1,1
2020-03-29,Libya,10,10
2020-04-05,Libya,13,13
2020-04-12,Libya,25,25
2020-04-19,Libya,12,12
2020-04-26,Libya,2,2
2020-05-03,Libya,1,1
2020-05-10,Libya,0,0
2020-05-17,Libya,8,8
2020-05-24,Libya,33,33
2020-03-01,Liechtenstein,1,1
2020-03-08,Liechtenstein,3,3
2020-03-15,Liechtenstein,30,30
2020-03-22,Liechtenstein,26,26
2020-03-29,Liechtenstein,15,15
2020-04-05,Liechtenstein,5,5
2020-04-12,Liechtenstein,1,1
2020-04-19,Liechtenstein,1,1
2020-04-26,Liechtenstein,1,1
2020-05-03,Liechtenstein,0,0
2020-05-10,Liechtenstein,0,0
2020-05-17,Liechtenstein,0,0
2020-05-24,Liechtenstein,0,0
2019-12-29,Lithuania,0,0
2020-01-05,Lithuania,0,0
2020-01-12,Lithuania,0,0
2020-01-19,Lithuania,0,0
2020-01-26,Lithuania,0,0
2020-02-02,Lithuania,0,0
2020-02-09,Lithuania,0,0
2020-02-16,Lithuania,0,0
2020-02-23,Lithuania,1,1
2020-03-01,Lithuania,0,0
2020-03-08,Lithuania,5,5
2020-03-15,Lithuania,63,63
2020-03-22,Lithuania,289,289
2020-03-29,Lithuania,413,413
2020-04-05,Lithuania,228,228
2020-04-12,Lithuania,240,240
2020-04-19,Lithuania,171,171
2020-04-26,Lithuania,-11,-11
2020-05-03,Lithuania,37,37
2020-05-10,Lithuania,87,87
2020-05-17,Lithuania,81,81
2020-05-24,Lithuania,52,52
2019-12-29,Luxembourg,0,0
2020-01-05,Luxembourg,0,0
2020-01-12,Luxembourg,0,0
2020-01-19,Luxembourg,0,0
2020-01-26,Luxembourg,0,0
2020-02-02,Luxembourg,0,0
2020-02-09,Luxembourg,0,0
2020-02-16,Luxembourg,0,0
2020-02-23,Luxembourg,0,0
2020-03-01,Luxembourg,3,3
2020-03-08,Luxembourg,35,35
2020-03-15,Luxembourg,446,446
2020-03-22,Luxembourg,1121,1121
2020-03-29,Luxembourg,1007,1007
2020-04-05,Luxembourg,611,611
2020-04-12,Luxembourg,257,257
2020-04-19,Luxembourg,215,215
2020-04-26,Luxembourg,107,107
2020-05-03,Luxembourg,69,69
2020-05-10,Luxembourg,52,52
2020-05-17,Luxembourg,58,58
2020-05-24,Luxembourg,27,27
2020-03-15,Madagascar,3,3
2020-03-22,Madagascar,21,21
2020-03-29,Madagascar,41,41
2020-04-05,Madagascar,37,37
2020-04-12,Madagascar,15,15
2020-04-19,Madagascar,5,5
2020-04-26,Madagascar,13,13
2020-05-03,Madagascar,34,34
2020-05-10,Madagascar,69,69
2020-05-17,Madagascar,210,210
2020-05-24,Madagascar,208,208
2020-03-29,Malawi,3,3
2020-04-05,Malawi,6,6
2020-04-12,Malawi,8,8
2020-04-19,Malawi,16,16
2020-04-26,Malawi,4,4
2020-05-03,Malawi,6,6
2020-05-10,Malawi,20,20
2020-05-17,Malawi,19,19
2020-05-24,Malawi,121,121
2019-12-29,Malaysia,0,0
2020-01-05,Malaysia,0,0
2020-01-12,Malaysia,0,0
2020-01-19,Malaysia,3,3
2020-01-26,Malaysia,5,5
2020-02-02,Malaysia,7,7
2020-02-09,Malaysia,6,6
2020-02-16,Malaysia,1,1
2020-02-23,Malaysia,3,3
2020-03-01,Malaysia,58,58
2020-03-08,Malaysia,114,114
2020-03-15,Malaysia,833,833
2020-03-22,Malaysia,1131,1131
2020-03-29,Malaysia,1172,1172
2020-04-05,Malaysia,1013,1013
2020-04-12,Malaysia,905,905
2020-04-19,Malaysia,440,440
2020-04-26,Malaysia,380,380
2020-05-03,Malaysia,464,464
2020-05-10,Malaysia,320,320
2020-05-17,Malaysia,282,282
2020-05-24,Malaysia,492,492
2020-03-08,Maldives,9,9
2020-03-15,Maldives,4,4
2020-03-22,Maldives,1,1
2020-03-29,Maldives,5,5
2020-04-05,Maldives,0,0
2020-04-12,Maldives,10,10
2020-04-19,Maldives,99,99
2020-04-26,Maldives,363,363
2020-05-03,Maldives,153,153
2020-05-10,Maldives,387,387
2020-05-17,Maldives,243,243
2020-05-24,Maldives,239,239
2020-03-22,Mali,4,4
2020-03-29,Mali,35,35
2020-04-05,Mali,48,48
2020-04-12,Mali,103,103
2020-04-19,Mali,135,135
2020-04-26,Mali,183,183
2020-05-03,Mali,160,160
2020-05-10,Mali,138,138
2020-05-17,Mali,163,163
2020-05-24,Mali,225,225
2020-03-01,Malta,1,1
2020-03-08,Malta,17,17
2020-03-15,Malta,55,55
2020-03-22,Malta,76,76
2020-03-29,Malta,57,57
2020-04-05,Malta,154,154
2020-04-12,Malta,62,62
2020-04-19,Malta,25,25
2020-04-26,Malta,20,20
2020-05-03,Malta,22,22
2020-05-10,Malta,43,43
2020-05-17,Malta,68,68
2020-05-24,Malta,16,16
2020-03-15,Mauritania,2,2
2020-03-22,Mauritania,1,1
2020-03-29,Mauritania,3,3
2020-04-05,Mauritania,1,1
2020-04-12,Mauritania,0,0
2020-04-19,Mauritania,0,0
2020-04-26,Mauritania,1,1
2020-05-03,Mauritania,0,0
2020-05-10,Mauritania,21,21
2020-05-17,Mauritania,144,144
2020-05-24,Mauritania,119,119
2020-03-15,Mauritius,12,12
2020-03-22,Mauritius,82,82
2020-03-29,Mauritius,92,92
2020-04-05,Mauritius,132,132
2020-04-12,Mauritius,6,6
2020-04-19,Mauritius,7,7
2020-04-26,Mauritius,1,1
2020-05-03,Mauritius,0,0
2020-05-10,Mauritius,0,0
2020-05-17,Mauritius,0,0
2020-05-24,Mauritius,2,2
2019-12-29,Mexico,0,0
2020-01-05,Mexico,0,0
2020-01-12,Mexico,0,0
2020-01-19,Mexico,0,0
2020-01-26,Mexico,0,0
2020-02-02,Mexico,0,0
2020-02-09,Mexico,0,0
2020-02-16,Mexico,0,0
2020-02-23,Mexico,2,2
2020-03-01,Mexico,3,3
2020-03-08,Mexico,21,21
2020-03-15,Mexico,177,177
2020-03-22,Mexico,514,514
2020-03-29,Mexico,971,971
2020-04-05,Mexico,2156,2156
2020-04-12,Mexico,3031,3031
2020-04-19,Mexico,5997,5997
2020-04-26,Mexico,7867,7867
2020-05-03,Mexico,10783,10783
2020-05-10,Mexico,13510,13510
2020-05-17,Mexico,17495,17495
2020-05-24,Mexico,18873,18873
2020-03-08,Moldova,8,8
2020-03-15,Moldova,58,58
2020-03-22,Moldova,133,133
2020-03-29,Moldova,392,392
2020-04-05,Moldova,847,847
2020-04-12,Moldova,826,826
2020-04-19,Moldova,846,846
2020-04-26,Moldova,870,870
2020-05-03,Moldova,748,748
2020-05-10,Moldova,1017,1017
2020-05-17,Moldova,1102,1102
2020-05-24,Moldova,878,878
2019-12-29,Monaco,0,0
2020-01-05,Monaco,0,0
2020-01-12,Monaco,0,0
2020-01-19,Monaco,0,0
2020-01-26,Monaco,0,0
2020-02-02,Monaco,0,0
2020-02-09,Monaco,0,0
2020-02-16,Monaco,0,0
2020-02-23,Monaco,1,1
2020-03-01,Monaco,0,0
2020-03-15,Monaco,11,11
2020-03-22,Monaco,30,30
2020-03-29,Monaco,22,22
2020-04-05,Monaco,26,26
2020-04-12,Monaco,4,4
2020-04-19,Monaco,0,0
2020-04-26,Monaco,1,1
2020-05-03,Monaco,0,0
2020-05-10,Monaco,1,1
2020-05-17,Monaco,1,1
2020-05-24,Monaco,1,1
2020-03-08,Mongolia,1,1
2020-03-15,Mongolia,5,5
2020-03-22,Mongolia,5,5
2020-03-29,Mongolia,3,3
2020-04-05,Mongolia,2,2
2020-04-12,Mongolia,15,15
2020-04-19,Mongolia,5,5
2020-04-26,Mongolia,3,3
2020-05-03,Mongolia,3,3
2020-05-10,Mongolia,93,93
2020-05-17,Mongolia,6,6
2020-05-24,Mongolia,38,38
2020-03-15,Montenegro,14,14
2020-03-22,Montenegro,61,61
2020-03-29,Montenegro,99,99
2020-04-05,Montenegro,83,83
2020-04-12,Montenegro,46,46
2020-04-19,Montenegro,16,16
2020-04-26,Montenegro,3,3
2020-05-03,Montenegro,2,2
2020-05-10,Montenegro,0,0
2020-05-17,Montenegro,0,0
2020-05-24,Montenegro,0,0
2020-03-15,Montserrat,1,1
2020-03-22,Montserrat,4,4
2020-03-29,Montserrat,0,0
2020-04-05,Montserrat,4,4
2020-04-12,Montserrat,2,2
2020-04-19,Montserrat,0,0
2020-04-26,Montserrat,0,0
2020-05-03,Montserrat,0,0
2020-05-10,Montserrat,0,0
2020-05-17,Montserrat,0,0
2020-05-24,Montserrat,0,0
2020-03-01,Morocco,2,2
2020-03-08,Morocco,5,5
2020-03-15,Morocco,79,79
2020-03-22,Morocco,259,259
2020-03-29,Morocco,363,363
2020-04-05,Morocco,740,740
2020-04-12,Morocco,1116,1116
2020-04-19,Morocco,1194,1194
2020-04-26,Morocco,811,811
2020-05-03,Morocco,1142,1142
2020-05-10,Morocco,941,941
2020-05-17,Morocco,680,680
2020-05-24,Morocco,311,311
2020-03-22,Mozambique,7,7
2020-03-29,Mozambique,3,3
2020-04-05,Mozambique,10,10
2020-04-12,Mozambique,14,14
2020-04-19,Mozambique,31,31
2020-04-26,Mozambique,14,14
2020-05-03,Mozambique,3,3
2020-05-10,Mozambique,37,37
2020-05-17,Mozambique,45,45
2020-05-24,Mozambique,69,69
2020-03-15,Myanmar,0,0
2020-03-22,Myanmar,5,5
2020-03-29,Myanmar,15,15
2020-04-05,Myanmar,8,8
2020-04-12,Myanmar,66,66
2020-04-19,Myanmar,50,50
2020-04-26,Myanmar,7,7
2020-05-03,Myanmar,26,26
2020-05-10,Myanmar,5,5
2020-05-17,Myanmar,19,19
2020-05-24,Myanmar,5,5
2020-03-15,Namibia,3,3
2020-03-22,Namibia,5,5
2020-03-29,Namibia,6,6
2020-04-05,Namibia,2,2
2020-04-12,Namibia,0,0
2020-04-19,Namibia,0,0
2020-04-26,Namibia,0,0
2020-05-03,Namibia,0,0
2020-05-10,Namibia,0,0
2020-05-17,Namibia,3,3
2020-05-24,Namibia,3,3
2019-12-29,Nepal,0,0
2020-01-05,Nepal,0,0
2020-01-12,Nepal,0,0
2020-01-19,Nepal,1,1
2020-01-26,Nepal,0,0
2020-02-02,Nepal,0,0
2020-02-09,Nepal,0,0
2020-02-16,Nepal,0,0
2020-02-23,Nepal,0,0
2020-03-01,Nepal,0,0
2020-03-15,Nepal,0,0
2020-03-22,Nepal,2,2
2020-03-29,Nepal,3,3
2020-04-05,Nepal,3,3
2020-04-12,Nepal,21,21
2020-04-19,Nepal,19,19
2020-04-26,Nepal,10,10
2020-05-03,Nepal,42,42
2020-05-10,Nepal,175,175
2020-05-17,Nepal,272,272
2020-05-24,Nepal,494,494
2019-12-29,Netherlands,0,0
2020-01-05,Netherlands,0,0
2020-01-12,Netherlands,0,0
2020-01-19,Netherlands,0,0
2020-01-26,Netherlands,0,0
2020-02-02,Netherlands,0,0
2020-02-09,Netherlands,0,0
2020-02-16,Netherlands,0,0
2020-02-23,Netherlands,2,2
2020-03-01,Netherlands,126,126
2020-03-08,Netherlands,676,676
2020-03-15,Netherlands,2190,2190
2020-03-22,Netherlands,5609,5609
2020-03-29,Netherlands,7120,7120
2020-04-05,Netherlands,7374,7374
2020-04-12,Netherlands,7352,7352
2020-04-19,Netherlands,6086,6086
2020-04-26,Netherlands,3256,3256
2020-05-03,Netherlands,2302,2302
2020-05-10,Netherlands,1588,1588
2020-05-17,Netherlands,1207,1207
2020-05-24,Netherlands,1062,1062
2020-03-15,New_Caledonia,2,2
2020-03-22,New_Caledonia,13,13
2020-03-29,New_Caledonia,3,3
2020-04-05,New_Caledonia,0,0
2020-04-12,New_Caledonia,0,0
2020-04-19,New_Caledonia,0,0
2020-04-26,New_Caledonia,0,0
2020-05-03,New_Caledonia,0,0
2020-05-10,New_Caledonia,0,0
2020-05-17,New_Caledonia,0,0
2020-05-24,New_Caledonia,1,1
2019-12-29,New_Zealand,0,0
2020-01-05,New_Zealand,0,0
2020-01-12,New_Zealand,0,0
2020-01-19,New_Zealand,0,0
2020-01-26,New_Zealand,0,0
2020-02-02,New_Zealand,0,0
2020-02-09,New_Zealand,0,0
2020-02-16,New_Zealand,0,0
2020-02-23,New_Zealand,1,1
2020-03-01,New_Zealand,4,4
2020-03-08,New_Zealand,1,1
2020-03-15,New_Zealand,47,47
2020-03-22,New_Zealand,363,363
2020-03-29,New_Zealand,408,408
2020-04-05,New_Zealand,211,211
2020-04-12,New_Zealand,59,59
2020-04-19,New_Zealand,23,23
2020-04-26,New_Zealand,17,17
2020-05-03,New_Zealand,8,8
2020-05-10,New_Zealand,6,6
2020-05-17,New_Zealand,6,6
2020-05-24,New_Zealand,0,0
2020-03-15,Nicaragua,2,2
2020-03-22,Nicaragua,0,0
2020-03-29,Nicaragua,3,3
2020-04-05,Nicaragua,2,2
2020-04-12,Nicaragua,2,2
2020-04-19,Nicaragua,2,2
2020-04-26,Nicaragua,3,3
2020-05-03,Nicaragua,2,2
2020-05-10,Nicaragua,9,9
2020-05-17,Nicaragua,254,254
2020-05-24,Nicaragua,480,480
2020-03-15,Niger,1,1
2020-03-22,Niger,9,9
2020-03-29,Niger,88,88
2020-04-05,Niger,340,340
2020-04-12,Niger,189,189
2020-04-19,Niger,54,54
2020-04-26,Niger,47,47
2020-05-03,Niger,67,67
2020-05-10,Niger,90,90
2020-05-17,Niger,52,52
2020-05-24,Niger,18,18
2019-12-29,Nigeria,0,0
2020-01-05,Nigeria,0,0
2020-01-12,Nigeria,0,0
2020-01-19,Nigeria,0,0
2020-01-26,Nigeria,0,0
2020-02-02,Nigeria,0,0
2020-02-09,Nigeria,0,0
2020-02-16,Nigeria,0,0
2020-02-23,Nigeria,1,1
2020-03-01,Nigeria,0,0
2020-03-08,Nigeria,1,1
2020-03-15,Nigeria,10,10
2020-03-22,Nigeria,69,69
2020-03-29,Nigeria,109,109
2020-04-05,Nigeria,115,115
2020-04-12,Nigeria,188,188
2020-04-19,Nigeria,602,602
2020-04-26,Nigeria,1075,1075
2020-05-03,Nigeria,1742,1742
2020-05-10,Nigeria,1533,1533
2020-05-17,Nigeria,1816,1816
2020-05-24,Nigeria,1654,1654
2019-12-29,North_Macedonia,0,0
2020-01-05,North_Macedonia,0,0
2020-01-12,North_Macedonia,0,0
2020-01-19,North_Macedonia,0,0
2020-01-26,North_Macedonia,0,0
2020-02-02,North_Macedonia,0,0
2020-02-09,North_Macedonia,0,0
2020-02-16,North_Macedonia,0,0
2020-02-23,North_Macedonia,1,1
2020-03-01,North_Macedonia,2,2
2020-03-08,North_Macedonia,10,10
2020-03-15,North_Macedonia,57,57
2020-03-22,North_Macedonia,149,149
2020-03-29,North_Macedonia,211,211
2020-04-05,North_Macedonia,281,281
2020-04-12,North_Macedonia,406,406
2020-04-19,North_Macedonia,209,209
2020-04-26,North_Macedonia,168,168
2020-05-03,North_Macedonia,92,92
2020-05-10,North_Macedonia,154,154
2020-05-17,North_Macedonia,181,181
2020-05-24,North_Macedonia,157,157
2020-03-29,Northern_Mariana_Islands,8,8
2020-04-05,Northern_Mariana_Islands,3,3
2020-04-12,Northern_Mariana_Islands,3,3
2020-04-19,Northern_Mariana_Islands,0,0
2020-04-26,Northern_Mariana_Islands,0,0
2020-05-03,Northern_Mariana_Islands,1,1
2020-05-10,Northern_Mariana_Islands,4,4
2020-05-17,Northern_Mariana_Islands,3,3
2020-05-24,Northern_Mariana_Islands,0,0
2019-12-29,Norway,0,0
2020-01-05,Norway,0,0
2020-01-12,Norway,0,0
2020-01-19,Norway,0,0
2020-01-26,Norway,0,0
2020-02-02,Norway,0,0
2020-02-09,Norway,0,0
2020-02-16,Norway,0,0
2020-02-23,Norway,6,6
2020-03-01,Norway,107,107
2020-03-08,Norway,508,508
2020-03-15,Norway,1121,1121
2020-03-22,Norway,1839,1839
2020-03-29,Norway,1627,1627
2020-04-05,Norway,1036,1036
2020-04-12,Norway,547,547
2020-04-19,Norway,617,617
2020-04-26,Norway,351,351
2020-05-03,Norway,275,275
2020-05-10,Norway,163,163
2020-05-17,Norway,112,112
2020-05-24,Norway,92,92
2019-12-29,Oman,0,0
2020-01-05,Oman,0,0
2020-01-12,Oman,0,0
2020-01-19,Oman,0,0
2020-01-26,Oman,0,0
2020-02-02,Oman,0,0
2020-02-09,Oman,0,0
2020-02-16,Oman,0,0
2020-02-23,Oman,6,6
2020-03-01,Oman,10,10
2020-03-08,Oman,4,4
2020-03-15,Oman,28,28
2020-03-22,Oman,83,83
2020-03-29,Oman,100,100
2020-04-05,Oman,253,253
2020-04-12,Oman,585,585
2020-04-19,Oman,721,721
2020-04-26,Oman,657,657
2020-05-03,Oman,665,665
2020-05-10,Oman,1513,1513
2020-05-17,Oman,2169,2169
2020-05-24,Oman,2215,2215
2019-12-29,Pakistan,0,0
2020-01-05,Pakistan,0,0
2020-01-12,Pakistan,0,0
2020-01-19,Pakistan,0,0
2020-01-26,Pakistan,0,0
2020-02-02,Pakistan,0,0
2020-02-09,Pakistan,0,0
2020-02-16,Pakistan,0,0
2020-02-23,Pakistan,2,2
2020-03-01,Pakistan,4,4
2020-03-08,Pakistan,15,15
2020-03-15,Pakistan,474,474
2020-03-22,Pakistan,702,702
2020-03-29,Pakistan,1094,1094
2020-04-05,Pakistan,2497,2497
2020-04-12,Pakistan,2693,2693
2020-04-19,Pakistan,4459,4459
2020-04-26,Pakistan,6174,6174
2020-05-03,Pakistan,9360,9360
2020-05-10,Pakistan,11325,11325
2020-05-17,Pakistan,13638,13638
2020-05-24,Pakistan,11591,11591
2020-03-01,Palestine,16,16
2020-03-08,Palestine,19,19
2020-03-15,Palestine,13,13
2020-03-22,Palestine,43,43
2020-03-29,Palestine,64,64
2020-04-05,Palestine,111,111
2020-04-12,Palestine,41,41
2020-04-19,Palestine,33,33
2020-04-26,Palestine,177,177
2020-05-03,Palestine,30,30
2020-05-10,Palestine,7,7
2020-05-17,Palestine,48,48
2020-05-24,Palestine,23,23
2020-03-08,Panama,36,36
2020-03-15,Panama,164,164
2020-03-22,Panama,586,586
2020-03-29,Panama,887,887
2020-04-05,Panama,1301,1301
2020-04-12,Panama,1236,1236
2020-04-19,Panama,1128,1128
2020-04-26,Panama,1382,1382
2020-05-03,Panama,1350,1350
2020-05-10,Panama,1198,1198
2020-05-17,Panama,999,999
2020-05-24,Panama,1864,1864
2020-03-15,Papua_New_Guinea,1,1
2020-03-22,Papua_New_Guinea,0,0
2020-03-29,Papua_New_Guinea,0,0
2020-04-05,Papua_New_Guinea,1,1
2020-04-12,Papua_New_Guinea,5,5
2020-04-19,Papua_New_Guinea,1,1
2020-04-26,Papua_New_Guinea,0,0
2020-05-03,Papua_New_Guinea,0,0
2020-05-10,Papua_New_Guinea,0,0
2020-05-17,Papua_New_Guinea,0,0
2020-05-24,Papua_New_Guinea,0,0
2020-03-08,Paraguay,7,7
2020-03-15,Paraguay,11,11
2020-03-22,Paraguay,38,38
2020-03-29,Paraguay,40,40
2020-04-05,Paraguay,37,37
2020-04-12,Paraguay,69,69
2020-04-19,Paraguay,21,21
2020-04-26,Paraguay,110,110
2020-05-03,Paraguay,230,230
2020-05-10,Paraguay,196,196
2020-05-17,Paraguay,79,79
2020-05-24,Paraguay,62,62
2020-03-01,Peru,1,1
2020-03-08,Peru,37,37
2020-03-15,Peru,225,225
2020-03-22,Peru,372,372
2020-03-29,Peru,960,960
2020-04-05,Peru,4302,4302
2020-04-12,Peru,7592,7592
2020-04-19,Peru,8159,8159
2020-04-26,Peru,18811,18811
2020-05-03,Peru,21388,21388
2020-05-10,Peru,22648,22648
2020-05-17,Peru,27203,27203
2020-05-24,Peru,30081,30081
2019-12-29,Philippines,0,0
2020-01-05,Philippines,0,0
2020-01-12,Philippines,0,0
2020-01-19,Philippines,0,0
2020-01-26,Philippines,1,1
2020-02-02,Philippines,2,2
2020-02-09,Philippines,0,0
2020-02-16,Philippines,0,0
2020-02-23,Philippines,0,0
2020-03-01,Philippines,2,2
2020-03-08,Philippines,59,59
2020-03-15,Philippines,166,166
2020-03-22,Philippines,573,573
2020-03-29,Philippines,2215,2215
2020-04-05,Philippines,1058,1058
2020-04-12,Philippines,1802,1802
2020-04-19,Philippines,1314,1314
2020-04-26,Philippines,1580,1580
2020-05-03,Philippines,1691,1691
2020-05-10,Philippines,1628,1628
2020-05-17,Philippines,1506,1506
2020-05-24,Philippines,1991,1991
2020-03-01,Poland,5,5
2020-03-08,Poland,63,63
2020-03-15,Poland,357,357
2020-03-22,Poland,964,964
2020-03-29,Poland,1994,1994
2020-04-05,Poland,2572,2572
2020-04-12,Poland,2424,2424
2020-04-19,Poland,2513,2513
2020-04-26,Poland,2213,2213
2020-05-03,Poland,2261,2261
2020-05-10,Poland,2650,2650
2020-05-17,Poland,2603,2603
2020-05-24,Poland,2206,2206
2020-03-01,Portugal,13,13
2020-03-08,Portugal,99,99
2020-03-15,Portugal,908,908
2020-03-22,Portugal,3248,3248
2020-03-29,Portugal,5618,5618
2020-04-05,Portugal,5586,5586
2020-04-12,Portugal,3550,3550
2020-04-19,Portugal,4249,4249
2020-04-26,Portugal,2080,2080
2020-05-03,Portugal,1917,1917
2020-05-10,Portugal,1315,1315
2020-05-17,Portugal,1617,1617
2020-05-24,Portugal,1396,1396
2020-03-22,Puerto_Rico,64,64
2020-03-29,Puerto_Rico,314,314
2020-04-05,Puerto_Rico,347,347
2020-04-12,Puerto_Rico,343,343
2020-04-19,Puerto_Rico,208,208
2020-04-26,Puerto_Rico,299,299
2020-05-03,Puerto_Rico,581,581
2020-05-10,Puerto_Rico,386,386
2020-05-17,Puerto_Rico,488,488
2020-05-24,Puerto_Rico,456,456
2019-12-29,Qatar,0,0
2020-01-05,Qatar,0,0
2020-01-12,Qatar,0,0
2020-01-19,Qatar,0,0
2020-01-26,Qatar,0,0
2020-02-02,Qatar,0,0
2020-02-09,Qatar,0,0
2020-02-16,Qatar,0,0
2020-02-23,Qatar,0,0
2020-03-01,Qatar,11,11
2020-03-08,Qatar,309,309
2020-03-15,Qatar,150,150
2020-03-22,Qatar,92,92
2020-03-29,Qatar,387,387
2020-04-05,Qatar,1563,1563
2020-04-12,Qatar,2151,2151
2020-04-19,Qatar,3862,3862
2020-04-26,Qatar,5571,5571
2020-05-03,Qatar,6105,6105
2020-05-10,Qatar,9224,9224
2020-05-17,Qatar,11056,11056
2020-05-24,Qatar,10433,10433
2019-12-29,Romania,0,0
2020-01-05,Romania,0,0
2020-01-12,Romania,0,0
2020-01-19,Romania,0,0
2020-01-26,Romania,0,0
2020-02-02,Romania,0,0
2020-02-09,Romania,0,0
2020-02-16,Romania,0,0
2020-02-23,Romania,3,3
2020-03-01,Romania,4,4
2020-03-08,Romania,82,82
2020-03-15,Romania,219,219
2020-03-22,Romania,984,984
2020-03-29,Romania,1891,1891
2020-04-05,Romania,2284,2284
2020-04-12,Romania,2600,2600
2020-04-19,Romania,2350,2350
2020-04-26,Romania,2150,2150
2020-05-03,Romania,2244,2244
2020-05-10,Romania,1626,1626
2020-05-17,Romania,1275,1275
2020-05-24,Romania,1079,1079
2019-12-29,Russia,0,0
2020-01-05,Russia,0,0
2020-01-12,Russia,0,0
2020-01-19,Russia,0,0
2020-01-26,Russia,2,2
2020-02-02,Russia,0,0
2020-02-09,Russia,0,0
2020-02-16,Russia,0,0
2020-02-23,Russia,0,0
2020-03-01,Russia,8,8
2020-03-08,Russia,35,35
2020-03-15,Russia,208,208
2020-03-22,Russia,783,783
2020-03-29,Russia,3113,3113
2020-04-05,Russia,7768,7768
2020-04-12,Russia,20091,20091
2020-04-19,Russia,36614,36614
2020-04-26,Russia,45809,45809
2020-05-03,Russia,73428,73428
2020-05-10,Russia,74984,74984
2020-05-17,Russia,63605,63605
2020-05-24,Russia,52603,52603
2020-03-15,Rwanda,17,17
2020-03-22,Rwanda,37,37
2020-03-29,Rwanda,35,35
2020-04-05,Rwanda,29,29
2020-04-12,Rwanda,25,25
2020-04-19,Rwanda,33,33
2020-04-26,Rwanda,73,73
2020-05-03,Rwanda,24,24
2020-05-10,Rwanda,14,14
2020-05-17,Rwanda,34,34
2020-05-24,Rwanda,28,28
2020-03-22,Saint_Kitts_and_Nevis,2,2
2020-03-29,Saint_Kitts_and_Nevis,7,7
2020-04-05,Saint_Kitts_and_Nevis,3,3
2020-04-12,Saint_Kitts_and_Nevis,2,2
2020-04-19,Saint_Kitts_and_Nevis,1,1
2020-04-26,Saint_Kitts_and_Nevis,0,0
2020-05-03,Saint_Kitts_and_Nevis,0,0
2020-05-10,Saint_Kitts_and_Nevis,0,0
2020-05-17,Saint_Kitts_and_Nevis,0,0
2020-05-24,Saint_Kitts_and_Nevis,0,0
2020-03-15,Saint_Lucia,2,2
2020-03-22,Saint_Lucia,1,1
2020-03-29,Saint_Lucia,10,10
2020-04-05,Saint_Lucia,2,2
2020-04-12,Saint_Lucia,0,0
2020-04-19,Saint_Lucia,0,0
2020-04-26,Saint_Lucia,2,2
2020-05-03,Saint_Lucia,1,1
2020-05-10,Saint_Lucia,0,0
2020-05-17,Saint_Lucia,0,0
2020-05-24,Saint_Lucia,0,0
2020-03-08,Saint_Vincent_and_the_Grenadines,1,1
2020-03-22,Saint_Vincent_and_the_Grenadines,0,0
2020-03-29,Saint_Vincent_and_the_Grenadines,6,6
2020-04-05,Saint_Vincent_and_the_Grenadines,5,5
2020-04-12,Saint_Vincent_and_the_Grenadines,0,0
2020-04-19,Saint_Vincent_and_the_Grenadines,2,2
2020-04-26,Saint_Vincent_and_the_Grenadines,2,2
2020-05-03,Saint_Vincent_and_the_Grenadines,1,1
2020-05-10,Saint_Vincent_and_the_Grenadines,0,0
2020-05-17,Saint_Vincent_and_the_Grenadines,1,1
2020-05-24,Saint_Vincent_and_the_Grenadines,7,7
2019-12-29,San_Marino,0,0
2020-01-05,San_Marino,0,0
2020-01-12,San_Marino,0,0
2020-01-19,San_Marino,0,0
2020-01-26,San_Marino,0,0
2020-02-02,San_Marino,0,0
2020-02-09,San_Marino,0,0
2020-02-16,San_Marino,0,0
2020-02-23,San_Marino,1,1
2020-03-01,San_Marino,22,22
2020-03-08,San_Marino,50,50
2020-03-15,San_Marino,78,78
2020-03-22,San_Marino,72,72
2020-03-29,San_Marino,28,28
2020-04-05,San_Marino,93,93
2020-04-12,San_Marino,91,91
2020-04-19,San_Marino,78,78
2020-04-26,San_Marino,67,67
2020-05-03,San_Marino,43,43
2020-05-10,San_Marino,29,29
2020-05-17,San_Marino,9,9
2020-05-24,San_Marino,9,9
2020-04-05,Sao_Tome_and_Principe,4,4
2020-04-12,Sao_Tome_and_Principe,0,0
2020-04-19,Sao_Tome_and_Principe,4,4
2020-04-26,Sao_Tome_and_Principe,10,10
2020-05-03,Sao_Tome_and_Principe,190,190
2020-05-10,Sao_Tome_and_Principe,27,27
2020-05-17,Sao_Tome_and_Principe,16,16
2020-05-24,Sao_Tome_and_Principe,207,207
2020-03-01,Saudi_Arabia,5,5
2020-03-08,Saudi_Arabia,81,81
2020-03-15,Saudi_Arabia,188,188
2020-03-22,Saudi_Arabia,830,830
2020-03-29,Saudi_Arabia,781,781
2020-04-05,Saudi_Arabia,1766,1766
2020-04-12,Saudi_Arabia,3491,3491
2020-04-19,Saudi_Arabia,7960,7960
2020-04-26,Saudi_Arabia,8995,8995
2020-05-03,Saudi_Arabia,11335,11335
2020-05-10,Saudi_Arabia,13744,13744
2020-05-17,Saudi_Arabia,18543,18543
2020-05-24,Saudi_Arabia,12466,12466
2020-03-01,Senegal,4,4
2020-03-08,Senegal,15,15
2020-03-15,Senegal,28,28
2020-03-22,Senegal,72,72
2020-03-29,Senegal,88,88
2020-04-05,Senegal,58,58
2020-04-12,Senegal,77,77
2020-04-19,Senegal,203,203
2020-04-26,Senegal,479,479
2020-05-03,Senegal,527,527
2020-05-10,Senegal,759,759
2020-05-17,Senegal,599,599
2020-05-24,Senegal,439,439
2020-03-01,Serbia,1,1
2020-03-08,Serbia,40,40
2020-03-15,Serbia,94,94
2020-03-22,Serbia,322,322
2020-03-29,Serbia,1019,1019
2020-04-05,Serbia,1629,1629
2020-04-12,Serbia,2585,2585
2020-04-19,Serbia,1793,1793
2020-04-26,Serbia,1722,1722
2020-05-03,Serbia,738,738
2020-05-10,Serbia,495,495
2020-05-17,Serbia,586,586
2020-05-24,Serbia,276,276
2020-03-15,Seychelles,7,7
2020-03-22,Seychelles,0,0
2020-03-29,Seychelles,3,3
2020-04-05,Seychelles,0,0
2020-04-12,Seychelles,1,1
2020-04-19,Seychelles,0,0
2020-04-26,Seychelles,0,0
2020-05-03,Seychelles,0,0
2020-05-10,Seychelles,0,0
2020-05-17,Seychelles,0,0
2020-05-24,Seychelles,0,0
2020-03-29,Sierra_Leone,2,2
2020-04-05,Sierra_Leone,6,6
2020-04-12,Sierra_Leone,18,18
2020-04-19,Sierra_Leone,56,56
2020-04-26,Sierra_Leone,54,54
2020-05-03,Sierra_Leone,121,121
2020-05-10,Sierra_Leone,190,190
2020-05-17,Sierra_Leone,159,159
2020-05-24,Sierra_Leone,206,206
2019-12-29,Singapore,0,0
2020-01-05,Singapore,0,0
2020-01-12,Singapore,0,0
2020-01-19,Singapore,3,3
2020-01-26,Singapore,13,13
2020-02-02,Singapore,17,17
2020-02-09,Singapore,34,34
2020-02-16,Singapore,19,19
2020-02-23,Singapore,12,12
2020-03-01,Singapore,32,32
2020-03-08,Singapore,70,70
2020-03-15,Singapore,185,185
2020-03-22,Singapore,347,347
2020-03-29,Singapore,382,382
2020-04-05,Singapore,795,795
2020-04-12,Singapore,3141,3141
2020-04-19,Singapore,7025,7025
2020-04-26,Singapore,5026,5026
2020-05-03,Singapore,4606,4606
2020-05-10,Singapore,5184,5184
2020-05-17,Singapore,3535,3535
2020-05-24,Singapore,2823,2823
2020-03-01,Sint_Maarten,1,1
2020-03-22,Sint_Maarten,2,2
2020-03-29,Sint_Maarten,20,20
2020-04-05,Sint_Maarten,27,27
2020-04-12,Sint_Maarten,7,7
2020-04-19,Sint_Maarten,16,16
2020-04-26,Sint_Maarten,3,3
2020-05-03,Sint_Maarten,0,0
2020-05-10,Sint_Maarten,1,1
2020-05-17,Sint_Maarten,0,0
2020-05-24,Sint_Maarten,0,0
2020-03-01,Slovakia,1,1
2020-03-08,Slovakia,29,29
2020-03-15,Slovakia,107,107
2020-03-22,Slovakia,158,158
2020-03-29,Slovakia,155,155
2020-04-05,Slovakia,265,265
2020-04-12,Slovakia,334,334
2020-04-19,Slovakia,311,311
2020-04-26,Slovakia,43,43
2020-05-03,Slovakia,52,52
2020-05-10,Slovakia,25,25
2020-05-17,Slovakia,23,23
2020-05-24,Slovakia,17,17
2020-03-01,Slovenia,9,9
2020-03-08,Slovenia,132,132
2020-03-15,Slovenia,200,200
2020-03-22,Slovenia,291,291
2020-03-29,Slovenia,302,302
2020-04-05,Slovenia,226,226
2020-04-12,Slovenia,144,144
2020-04-19,Slovenia,69,69
2020-04-26,Slovenia,61,61
2020-05-03,Slovenia,20,20
2020-05-10,Slovenia,11,11
2020-05-17,Slovenia,3,3
2020-05-24,Slovenia,5,5
2020-03-15,Somalia,1,1
2020-03-22,Somalia,2,2
2020-03-29,Somalia,2,2
2020-04-05,Somalia,16,16
2020-04-12,Somalia,95,95
2020-04-19,Somalia,212,212
2020-04-26,Somalia,273,273
2020-05-03,Somalia,327,327
2020-05-10,Somalia,356,356
2020-05-17,Somalia,310,310
2020-05-24,Somalia,234,234
2020-03-01,South_Africa,1,1
2020-03-08,South_Africa,23,23
2020-03-15,South_Africa,181,181
2020-03-22,South_Africa,965,965
2020-03-29,South_Africa,335,335
2020-04-05,South_Africa,498,498
2020-04-12,South_Africa,780,780
2020-04-19,South_Africa,1437,1437
2020-04-26,South_Africa,1731,1731
2020-05-03,South_Africa,2944,2944
2020-05-10,South_Africa,4629,4629
2020-05-17,South_Africa,6601,6601
2020-05-24,South_Africa,7278,7278
2019-12-29,South_Korea,0,0
2020-01-05,South_Korea,0,0
2020-01-12,South_Korea,0,0
2020-01-19,South_Korea,2,2
2020-01-26,South_Korea,10,10
2020-02-02,South_Korea,12,12
2020-02-09,South_Korea,4,4
2020-02-16,South_Korea,317,317
2020-02-23,South_Korea,2586,2586
2020-03-01,South_Korea,3836,3836
2020-03-08,South_Korea,1319,1319
2020-03-15,South_Korea,713,713
2020-03-22,South_Korea,679,679
2020-03-29,South_Korea,678,678
2020-04-05,South_Korea,294,294
2020-04-12,South_Korea,203,203
2020-04-19,South_Korea,65,65
2020-04-26,South_Korea,62,62
2020-05-03,South_Korea,60,60
2020-05-10,South_Korea,197,197
2020-05-17,South_Korea,128,128
2020-05-24,South_Korea,237,237
2020-04-05,South_Sudan,3,3
2020-04-12,South_Sudan,1,1
2020-04-19,South_Sudan,1,1
2020-04-26,South_Sudan,40,40
2020-05-03,South_Sudan,75,75
2020-05-10,South_Sudan,116,116
2020-05-17,South_Sudan,103,103
2020-05-24,South_Sudan,467,467
2019-12-29,Spain,0,0
2020-01-05,Spain,0,0
2020-01-12,Spain,0,0
2020-01-19,Spain,0,0
2020-01-26,Spain,1,1
2020-02-02,Spain,0,0
2020-02-09,Spain,1,1
2020-02-16,Spain,0,0
2020-02-23,Spain,52,52
2020-03-01,Spain,710,710
2020-03-08,Spain,6877,6877
2020-03-15,Spain,24109,24109
2020-03-22,Spain,52135,52135
2020-03-29,Spain,49313,49313
2020-04-05,Spain,34824,34824
2020-04-12,Spain,25943,25943
2020-04-19,Spain,14304,14304
2020-04-26,Spain,9535,9535
2020-05-03,Spain,6157,6157
2020-05-10,Spain,6737,6737
2020-05-17,Spain,4592,4592
2020-05-24,Spain,2616,2616
2019-12-29,Sri_Lanka,0,0
2020-01-05,Sri_Lanka,0,0
2020-01-12,Sri_Lanka,0,0
2020-01-19,Sri_Lanka,0,0
2020-01-26,Sri_Lanka,1,1
2020-02-02,Sri_Lanka,0,0
2020-02-09,Sri_Lanka,0,0
2020-02-16,Sri_Lanka,0,0
2020-02-23,Sri_Lanka,0,0
2020-03-01,Sri_Lanka,0,0
2020-03-08,Sri_Lanka,5,5
2020-03-15,Sri_Lanka,60,60
2020-03-22,Sri_Lanka,40,40
2020-03-29,Sri_Lanka,45,45
2020-04-05,Sri_Lanka,46,46
2020-04-12,Sri_Lanka,47,47
2020-04-19,Sri_Lanka,176,176
2020-04-26,Sri_Lanka,270,270
2020-05-03,Sri_Lanka,145,145
2020-05-10,Sri_Lanka,100,100
2020-05-17,Sri_Lanka,133,133
2020-05-24,Sri_Lanka,462,462
2020-03-08,Sudan,1,1
2020-03-15,Sudan,1,1
2020-03-22,Sudan,1,1
2020-03-29,Sudan,4,4
2020-04-05,Sudan,8,8
2020-04-12,Sudan,17,17
2020-04-19,Sudan,142,142
2020-04-26,Sudan,268,268
2020-05-03,Sudan,669,669
2020-05-10,Sudan,853,853
2020-05-17,Sudan,1414,1414
2020-05-24,Sudan,968,968
2020-03-15,Suriname,1,1
2020-03-22,Suriname,7,7
2020-03-29,Suriname,2,2
2020-04-05,Suriname,0,0
2020-04-12,Suriname,0,0
2020-04-19,Suriname,0,0
2020-04-26,Suriname,0,0
2020-05-03,Suriname,0,0
2020-05-10,Suriname,0,0
2020-05-17,Suriname,1,1
2020-05-24,Suriname,1,1
2019-12-29,Sweden,0,0
2020-01-05,Sweden,0,0
2020-01-12,Sweden,0,0
2020-01-19,Sweden,0,0
2020-01-26,Sweden,1,1
2020-02-02,Sweden,0,0
2020-02-09,Sweden,0,0
2020-02-16,Sweden,0,0
2020-02-23,Sweden,11,11
2020-03-01,Sweden,125,125
2020-03-08,Sweden,638,638
2020-03-15,Sweden,848,848
2020-03-22,Sweden,1423,1423
2020-03-29,Sweden,3032,3032
2020-04-05,Sweden,3607,3607
2020-04-12,Sweden,3531,3531
2020-04-19,Sweden,4351,4351
2020-04-26,Sweden,3953,3953
2020-05-03,Sweden,3745,3745
2020-05-10,Sweden,3942,3942
2020-05-17,Sweden,3602,3602
2020-05-24,Sweden,2918,2918
2019-12-29,Switzerland,0,0
2020-01-05,Switzerland,0,0
2020-01-12,Switzerland,0,0
2020-01-19,Switzerland,0,0
2020-01-26,Switzerland,0,0
2020-02-02,Switzerland,0,0
2020-02-09,Switzerland,0,0
2020-02-16,Switzerland,0,0
2020-02-23,Switzerland,12,12
2020-03-01,Switzerland,197,197
2020-03-08,Switzerland,912,912
2020-03-15,Switzerland,3719,3719
2020-03-22,Switzerland,7264,7264
2020-03-29,Switzerland,7123,7123
2020-04-05,Switzerland,5001,5001
2020-04-12,Switzerland,2769,2769
2020-04-19,Switzerland,1598,1598
2020-04-26,Switzerland,1027,1027
2020-05-03,Switzerland,502,502
2020-05-10,Switzerland,307,307
2020-05-17,Switzerland,193,193
2020-05-24,Switzerland,89,89
2020-03-22,Syria,5,5
2020-03-29,Syria,11,11
2020-04-05,Syria,3,3
2020-04-12,Syria,19,19
2020-04-19,Syria,4,4
2020-04-26,Syria,2,2
2020-05-03,Syria,3,3
2020-05-10,Syria,3,3
2020-05-17,Syria,9,9
2020-05-24,Syria,62,62
2019-12-29,Taiwan,0,0
2020-01-05,Taiwan,0,0
2020-01-12,Taiwan,0,0
2020-01-19,Taiwan,3,3
2020-01-26,Taiwan,7,7
2020-02-02,Taiwan,7,7
2020-02-09,Taiwan,1,1
2020-02-16,Taiwan,8,8
2020-02-23,Taiwan,13,13
2020-03-01,Taiwan,6,6
2020-03-08,Taiwan,8,8
2020-03-15,Taiwan,82,82
2020-03-22,Taiwan,132,132
2020-03-29,Taiwan,88,88
2020-04-05,Taiwan,25,25
2020-04-12,Taiwan,15,15
2020-04-19,Taiwan,33,33
2020-04-26,Taiwan,1,1
2020-05-03,Taiwan,11,11
2020-05-10,Taiwan,0,0
2020-05-17,Taiwan,1,1
2020-05-24,Taiwan,0,0
2020-04-26,Tajikistan,15,15
2020-05-03,Tajikistan,507,507
2020-05-10,Tajikistan,596,596
2020-05-17,Tajikistan,1232,1232
2020-05-24,Tajikistan,1213,1213
2019-12-29,Thailand,0,0
2020-01-05,Thailand,0,0
2020-01-12,Thailand,2,2
2020-01-19,Thailand,3,3
2020-01-26,Thailand,14,14
2020-02-02,Thailand,13,13
2020-02-09,Thailand,2,2
2020-02-16,Thailand,1,1
2020-02-23,Thailand,7,7
2020-03-01,Thailand,8,8
2020-03-08,Thailand,32,32
2020-03-15,Thailand,284,284
2020-03-22,Thailand,770,770
2020-03-29,Thailand,842,842
2020-04-05,Thailand,540,540
2020-04-12,Thailand,182,182
2020-04-19,Thailand,154,154
2020-04-26,Thailand,106,106
2020-05-03,Thailand,40,40
2020-05-10,Thailand,25,25
2020-05-17,Thailand,15,15
2020-05-24,Thailand,25,25
2020-03-22,Timor_Leste,1,1
2020-03-29,Timor_Leste,0,0
2020-04-05,Timor_Leste,1,1
2020-04-12,Timor_Leste,16,16
2020-04-19,Timor_Leste,6,6
2020-04-26,Timor_Leste,0,0
2020-05-03,Timor_Leste,0,0
2020-05-10,Timor_Leste,0,0
2020-05-17,Timor_Leste,0,0
2020-05-24,Timor_Leste,0,0
2020-03-01,Togo,1,1
2020-03-15,Togo,8,8
2020-03-22,Togo,16,16
2020-03-29,Togo,15,15
2020-04-05,Togo,36,36
2020-04-12,Togo,7,7
2020-04-19,Togo,7,7
2020-04-26,Togo,33,33
2020-05-03,Togo,22,22
2020-05-10,Togo,118,118
2020-05-17,Togo,100,100
2020-05-24,Togo,59,59
2020-03-08,Trinidad_and_Tobago,2,2
2020-03-15,Trinidad_and_Tobago,7,7
2020-03-22,Trinidad_and_Tobago,57,57
2020-03-29,Trinidad_and_Tobago,34,34
2020-04-05,Trinidad_and_Tobago,9,9
2020-04-12,Trinidad_and_Tobago,5,5
2020-04-19,Trinidad_and_Tobago,1,1
2020-04-26,Trinidad_and_Tobago,1,1
2020-05-03,Trinidad_and_Tobago,0,0
2020-05-10,Trinidad_and_Tobago,0,0
2020-05-17,Trinidad_and_Tobago,0,0
2020-05-24,Trinidad_and_Tobago,0,0
2020-03-01,Tunisia,1,1
2020-03-08,Tunisia,15,15
2020-03-15,Tunisia,38,38
2020-03-22,Tunisia,173,173
2020-03-29,Tunisia,228,228
2020-04-05,Tunisia,216,216
2020-04-12,Tunisia,193,193
2020-04-19,Tunisia,58,58
2020-04-26,Tunisia,76,76
2020-05-03,Tunisia,32,32
2020-05-10,Tunisia,5,5
2020-05-17,Tunisia,13,13
2020-05-24,Tunisia,20,20
2020-03-08,Turkey,2,2
2020-03-15,Turkey,668,668
2020-03-22,Turkey,5028,5028
2020-03-29,Turkey,15223,15223
2020-04-05,Turkey,26108,26108
2020-04-12,Turkey,31517,31517
2020-04-19,Turkey,26366,26366
2020-04-26,Turkey,17480,17480
2020-05-03,Turkey,13177,13177
2020-05-10,Turkey,10888,10888
2020-05-17,Turkey,8043,8043
2020-05-24,Turkey,6479,6479
2020-03-22,Turks_and_Caicos_islands,2,2
2020-03-29,Turks_and_Caicos_islands,3,3
2020-04-05,Turks_and_Caicos_islands,4,4
2020-04-12,Turks_and_Caicos_islands,2,2
2020-04-19,Turks_and_Caicos_islands,0,0
2020-04-26,Turks_and_Caicos_islands,1,1
2020-05-03,Turks_and_Caicos_islands,0,0
2020-05-10,Turks_and_Caicos_islands,0,0
2020-05-17,Turks_and_Caicos_islands,0,0
2020-05-24,Turks_and_Caicos_islands,0,0
2020-03-22,Uganda,14,14
2020-03-29,Uganda,34,34
2020-04-05,Uganda,5,5
2020-04-12,Uganda,2,2
2020-04-19,Uganda,20,20
2020-04-26,Uganda,10,10
2020-05-03,Uganda,16,16
2020-05-10,Uganda,102,102
2020-05-17,Uganda,-28,-28
2020-05-24,Uganda,142,142
2020-03-01,Ukraine,1,1
2020-03-08,Ukraine,2,2
2020-03-15,Ukraine,23,23
2020-03-22,Ukraine,192,192
2020-03-29,Ukraine,769,769
2020-04-05,Ukraine,1216,1216
2020-04-12,Ukraine,2903,2903
2020-04-19,Ukraine,3019,3019
2020-04-26,Ukraine,2736,2736
2020-05-03,Ukraine,3334,3334
2020-05-10,Ukraine,3135,3135
2020-05-17,Ukraine,2818,2818
2020-05-24,Ukraine,2234,2234
2019-12-29,United_Arab_Emirates,0,0
2020-01-05,United_Arab_Emirates,0,0
2020-01-12,United_Arab_Emirates,0,0
2020-01-19,United_Arab_Emirates,0,0
2020-01-26,United_Arab_Emirates,4,4
2020-02-02,United_Arab_Emirates,3,3
2020-02-09,United_Arab_Emirates,1,1
2020-02-16,United_Arab_Emirates,3,3
2020-02-23,United_Arab_Emirates,8,8
2020-03-01,United_Arab_Emirates,10,10
2020-03-08,United_Arab_Emirates,56,56
2020-03-15,United_Arab_Emirates,55,55
2020-03-22,United_Arab_Emirates,265,265
2020-03-29,United_Arab_Emirates,619,619
2020-04-05,United_Arab_Emirates,2336,2336
2020-04-12,United_Arab_Emirates,2465,2465
2020-04-19,United_Arab_Emirates,3456,3456
2020-04-26,United_Arab_Emirates,3757,3757
2020-05-03,United_Arab_Emirates,3755,3755
2020-05-10,United_Arab_Emirates,5038,5038
2020-05-17,United_Arab_Emirates,6061,6061
2020-05-24,United_Arab_Emirates,4640,4640
2019-12-29,United_Kingdom,0,0
2020-01-05,United_Kingdom,0,0
2020-01-12,United_Kingdom,0,0
2020-01-19,United_Kingdom,0,0
2020-01-26,United_Kingdom,2,2
2020-02-02,United_Kingdom,1,1
2020-02-09,United_Kingdom,6,6
2020-02-16,United_Kingdom,0,0
2020-02-23,United_Kingdom,9,9
2020-03-01,United_Kingdom,145,145
2020-03-08,United_Kingdom,544,544
2020-03-15,United_Kingdom,3276,3276
2020-03-22,United_Kingdom,10560,10560
2020-03-29,United_Kingdom,23625,23625
2020-04-05,United_Kingdom,32104,32104
2020-04-12,United_Kingdom,38420,38420
2020-04-19,United_Kingdom,34772,34772
2020-04-26,United_Kingdom,33990,33990
2020-05-03,United_Kingdom,33910,33910
2020-05-10,United_Kingdom,25347,25347
2020-05-17,United_Kingdom,17484,17484
2020-05-24,United_Kingdom,14932,14932
2020-03-15,United_Republic_of_Tanzania,3,3
2020-03-22,United_Republic_of_Tanzania,10,10
2020-03-29,United_Republic_of_Tanzania,8,8
2020-04-05,United_Republic_of_Tanzania,11,11
2020-04-12,United_Republic_of_Tanzania,115,115
2020-04-19,United_Republic_of_Tanzania,153,153
2020-04-26,United_Republic_of_Tanzania,180,180
2020-05-03,United_Republic_of_Tanzania,29,29
2020-05-10,United_Republic_of_Tanzania,0,0
2020-05-17,United_Republic_of_Tanzania,0,0
2020-05-24,United_Republic_of_Tanzania,0,0
2020-03-22,United_States_Virgin_Islands,19,19
2020-03-29,United_States_Virgin_Islands,21,21
2020-04-05,United_States_Virgin_Islands,10,10
2020-04-12,United_States_Virgin_Islands,1,1
2020-04-19,United_States_Virgin_Islands,3,3
2020-04-26,United_States_Virgin_Islands,12,12
2020-05-03,United_States_Virgin_Islands,2,2
2020-05-10,United_States_Virgin_Islands,1,1
2020-05-17,United_States_Virgin_Islands,0,0
2020-05-24,United_States_Virgin_Islands,0,0
2019-12-29,United_States_of_America,0,0
2020-01-05,United_States_of_America,0,0
2020-01-12,United_States_of_America,0,0
2020-01-19,United_States_of_America,2,2
2020-01-26,United_States_of_America,5,5
2020-02-02,United_States_of_America,5,5
2020-02-09,United_States_of_America,3,3
2020-02-16,United_States_of_America,20,20
2020-02-23,United_States_of_America,31,31
2020-03-01,United_States_of_America,272,272
2020-03-08,United_States_of_America,1836,1836
2020-03-15,United_States_of_America,17450,17450
2020-03-22,United_States_of_America,85062,85062
2020-03-29,United_States_of_America,173279,173279
2020-04-05,United_States_of_America,223595,223595
2020-04-12,United_States_of_America,200604,200604
2020-04-19,United_States_of_America,188360,188360
2020-04-26,United_States_of_America,213257,213257
2020-05-03,United_States_of_America,180148,180148
2020-05-10,United_States_of_America,159468,159468
2020-05-17,United_States_of_America,158037,158037
2020-05-24,United_States_of_America,120316,120316
2020-03-15,Uruguay,110,110
2020-03-22,Uruguay,128,128
2020-03-29,Uruguay,133,133
2020-04-05,Uruguay,75,75
2020-04-12,Uruguay,62,62
2020-04-19,Uruguay,55,55
2020-04-26,Uruguay,85,85
2020-05-03,Uruguay,46,46
2020-05-10,Uruguay,38,38
2020-05-17,Uruguay,21,21
2020-05-24,Uruguay,58,58
2020-03-15,Uzbekistan,33,33
2020-03-22,Uzbekistan,71,71
2020-03-29,Uzbekistan,123,123
2020-04-05,Uzbekistan,397,397
2020-04-12,Uzbekistan,826,826
2020-04-19,Uzbekistan,386,386
2020-04-26,Uzbekistan,258,258
2020-05-03,Uzbekistan,242,242
2020-05-10,Uzbekistan,355,355
2020-05-17,Uzbekistan,387,387
2020-05-24,Uzbekistan,366,366
2020-03-15,Venezuela,36,36
2020-03-22,Venezuela,83,83
2020-03-29,Venezuela,25,25
2020-04-05,Venezuela,31,31
2020-04-12,Venezuela,52,52
2020-04-19,Venezuela,91,91
2020-04-26,Venezuela,17,17
2020-05-03,Venezuela,53,53
2020-05-10,Venezuela,71,71
2020-05-17,Venezuela,485,485
2020-05-24,Venezuela,383,383
2019-12-29,Vietnam,0,0
2020-01-05,Vietnam,0,0
2020-01-12,Vietnam,0,0
2020-01-19,Vietnam,2,2
2020-01-26,Vietnam,3,3
2020-02-02,Vietnam,8,8
2020-02-09,Vietnam,3,3
2020-02-16,Vietnam,0,0
2020-02-23,Vietnam,0,0
2020-03-01,Vietnam,1,1
2020-03-08,Vietnam,36,36
2020-03-15,Vietnam,35,35
2020-03-22,Vietnam,83,83
2020-03-29,Vietnam,69,69
2020-04-05,Vietnam,18,18
2020-04-12,Vietnam,10,10
2020-04-19,Vietnam,2,2
2020-04-26,Vietnam,0,0
2020-05-03,Vietnam,18,18
2020-05-10,Vietnam,25,25
2020-05-17,Vietnam,11,11
2020-05-24,Vietnam,3,3
2020-04-26,Western_Sahara,6,6
2020-05-03,Western_Sahara,0,0
2020-05-10,Western_Sahara,0,0
2020-05-17,Western_Sahara,0,0
2020-05-24,Western_Sahara,0,0
2020-04-05,Yemen,1,1
2020-04-12,Yemen,0,0
2020-04-19,Yemen,0,0
2020-04-26,Yemen,6,6
2020-05-03,Yemen,27,27
2020-05-10,Yemen,72,72
2020-05-17,Yemen,99,99
2020-05-24,Yemen,73,73
2020-03-15,Zambia,2,2
2020-03-22,Zambia,14,14
2020-03-29,Zambia,23,23
2020-04-05,Zambia,1,1
2020-04-12,Zambia,12,12
2020-04-19,Zambia,32,32
2020-04-26,Zambia,25,25
2020-05-03,Zambia,58,58
2020-05-10,Zambia,501,501
2020-05-17,Zambia,252,252
2020-05-24,Zambia,137,137
2020-03-15,Zimbabwe,1,1
2020-03-22,Zimbabwe,4,4
2020-03-29,Zimbabwe,4,4
2020-04-05,Zimbabwe,2,2
2020-04-12,Zimbabwe,13,13
2020-04-19,Zimbabwe,5,5
2020-04-26,Zimbabwe,5,5
2020-05-03,Zimbabwe,1,1
2020-05-10,Zimbabwe,7,7
2020-05-17,Zimbabwe,14,14
2020-05-24,Zimbabwe,93,93
